match_id,date,home_team_name,away_team_name,home_score,away_score,home_possession,home_shots,home_shots_on_target,home_xg,away_possession,away_shots,away_shots_on_target,away_xg
712a8934-4e27-5358-a7ba-22cc825582c8,2022-01-01 00:00:00+00,Crystal Palace,West Ham,2.0,3.0,63.0,22.0,6.0,,37.0,10.0,5.0,
0359a857-305a-51d5-a1e8-0e7e7cde4362,2022-01-01 00:00:00+00,Watford,Tottenham,0.0,1.0,26.0,6.0,4.0,,74.0,21.0,9.0,
040454e4-a4dd-51ff-a5d8-31a240dd79aa,2022-01-01 00:00:00+00,Arsenal,Manchester City,1.0,2.0,29.0,7.0,2.0,,71.0,15.0,2.0,
02cdd283-1e63-54d4-89b6-3fb251d5a00a,2022-01-02 00:00:00+00,Brentford,Aston Villa,2.0,1.0,45.0,10.0,4.0,,55.0,16.0,5.0,
4049222e-6fbd-5443-b0b0-ada2ed171527,2022-01-02 00:00:00+00,Chelsea,Liverpool,2.0,2.0,55.0,15.0,6.0,,45.0,10.0,6.0,
bbee2f18-9038-5dc3-b530-17066deb44b0,2022-01-02 00:00:00+00,Leeds,Burnley,3.0,1.0,55.0,22.0,7.0,,45.0,8.0,2.0,
85b08c6a-a788-5e15-b750-41f136bdde9e,2022-01-02 00:00:00+00,Everton,Brighton,2.0,3.0,50.0,17.0,6.0,,50.0,12.0,5.0,
1a537a38-6da3-54f0-81f3-9a5b8e2179bd,2022-01-03 00:00:00+00,Manchester United,Wolves,0.0,1.0,51.0,9.0,2.0,,49.0,19.0,6.0,
6a8fa2a1-d932-507c-9e9d-f8dd134c124c,2022-01-11 00:00:00+00,Southampton,Brentford,4.0,1.0,49.0,12.0,6.0,,51.0,5.0,4.0,
640e31ab-f63c-56a8-9343-327d93310822,2022-01-12 00:00:00+00,West Ham,Norwich,2.0,0.0,62.0,13.0,5.0,,38.0,7.0,3.0,
38b7c395-23ac-56f2-a288-61407e69b7d1,2022-01-14 00:00:00+00,Brighton,Crystal Palace,1.0,1.0,63.0,19.0,4.0,,37.0,3.0,1.0,
57a72ec3-3fe9-5461-80f3-91acf2849600,2022-01-15 00:00:00+00,Norwich,Everton,2.0,1.0,40.0,14.0,3.0,,60.0,12.0,5.0,
0bd3e6c8-b25d-5f91-9905-0c25aa3ae6ca,2022-01-15 00:00:00+00,Wolves,Southampton,3.0,1.0,43.0,9.0,5.0,,57.0,13.0,10.0,
c334d8a2-f7bb-56fb-ae77-f4ef53eafcff,2022-01-15 00:00:00+00,Newcastle,Watford,1.0,1.0,52.0,12.0,1.0,,48.0,18.0,5.0,
7e6ceb4a-bc7c-52b7-abf5-e629cfdea140,2022-01-15 00:00:00+00,Aston Villa,Manchester United,2.0,2.0,55.0,13.0,9.0,,45.0,13.0,6.0,
fc04606f-3a60-53cd-8ae5-4743dae10f59,2022-01-15 00:00:00+00,Manchester City,Chelsea,1.0,0.0,56.0,11.0,6.0,,44.0,4.0,1.0,
5721cab9-c098-5aad-95c6-560a05f067fe,2022-01-16 00:00:00+00,Liverpool,Brentford,3.0,0.0,68.0,27.0,13.0,,32.0,6.0,1.0,
282e988a-ce73-512c-8a9c-a5a2d59e99f9,2022-01-16 00:00:00+00,West Ham,Leeds,2.0,3.0,47.0,15.0,5.0,,53.0,18.0,5.0,
931e3e50-6681-55b4-8e62-32c61b15f5ef,2022-01-18 00:00:00+00,Brighton,Chelsea,1.0,1.0,43.0,10.0,2.0,,57.0,15.0,3.0,
3b684801-95f6-5080-834c-0a1b09d9dc27,2022-01-19 00:00:00+00,Brentford,Manchester United,1.0,3.0,44.0,18.0,9.0,,56.0,13.0,5.0,
d52ba12d-2435-56ae-96b7-c34541c1ab84,2022-01-19 00:00:00+00,Leicester,Tottenham,2.0,3.0,49.0,14.0,4.0,,51.0,27.0,10.0,
af700041-ecdd-57ea-beee-beb3f22fb256,2022-01-21 00:00:00+00,Watford,Norwich,0.0,3.0,69.0,15.0,4.0,,31.0,7.0,2.0,
4bb68cd5-4da8-5738-a9d9-91cdb0d9dfa4,2022-01-22 00:00:00+00,Southampton,Manchester City,1.0,1.0,26.0,7.0,3.0,,74.0,20.0,5.0,
b905a11f-7f99-561a-8ce6-4dfdc98cda96,2022-01-22 00:00:00+00,Leeds,Newcastle,0.0,1.0,63.0,13.0,4.0,,37.0,15.0,3.0,
cbb32085-e6a4-57b7-90d5-646fe9a1d797,2022-01-22 00:00:00+00,Brentford,Wolves,1.0,2.0,50.0,11.0,1.0,,50.0,7.0,2.0,
fa118e25-fab3-509b-8aaf-b0757244bab3,2022-01-22 00:00:00+00,Everton,Aston Villa,0.0,1.0,50.0,15.0,1.0,,50.0,8.0,3.0,
7ac40b8a-646e-515d-960d-45288d729bda,2022-01-22 00:00:00+00,Manchester United,West Ham,1.0,0.0,57.0,18.0,3.0,,43.0,6.0,1.0,
5d326e1c-b493-57dc-9dd5-8df3e965e40b,2022-01-23 00:00:00+00,Arsenal,Burnley,0.0,0.0,76.0,20.0,5.0,,24.0,10.0,1.0,
50b9ed54-5bde-5746-9bb7-c5266b5cb400,2022-01-23 00:00:00+00,Leicester,Brighton,1.0,1.0,44.0,15.0,5.0,,56.0,14.0,5.0,
813fadc8-64ab-535b-9ebe-50219d51d5eb,2022-01-23 00:00:00+00,Crystal Palace,Liverpool,1.0,3.0,43.0,8.0,5.0,,57.0,14.0,7.0,
d19aa354-0866-597a-87dc-041dc4428ab1,2022-01-23 00:00:00+00,Chelsea,Tottenham,2.0,0.0,65.0,15.0,7.0,,35.0,6.0,3.0,
82856fe9-fe35-5bf3-8012-b91809c2bef3,2022-02-05 00:00:00+00,Burnley,Watford,0.0,0.0,52.0,13.0,2.0,,48.0,11.0,5.0,
73ba9c95-3fef-5bdd-ab44-c752f4f0dac8,2022-02-08 00:00:00+00,Newcastle,Everton,3.0,1.0,39.0,20.0,9.0,,61.0,11.0,3.0,
5e588676-ad2e-5e04-8cef-132192680977,2022-02-08 00:00:00+00,Burnley,Manchester United,1.0,1.0,36.0,9.0,3.0,,64.0,22.0,5.0,
c7495087-c5af-54d9-9c5b-0a7970753bc6,2022-02-08 00:00:00+00,West Ham,Watford,1.0,0.0,64.0,9.0,3.0,,36.0,6.0,1.0,
58c88528-79c4-5802-b567-51e717ec8a97,2022-02-09 00:00:00+00,Aston Villa,Leeds,3.0,3.0,40.0,12.0,4.0,,60.0,16.0,8.0,
e426c739-e7ac-55a4-954f-236f4be2eec6,2022-02-09 00:00:00+00,Norwich,Crystal Palace,1.0,1.0,28.0,5.0,1.0,,72.0,13.0,5.0,
51f1e22c-1e00-5d40-9a5e-b48abf07961f,2022-02-09 00:00:00+00,Manchester City,Brentford,2.0,0.0,76.0,15.0,7.0,,24.0,6.0,2.0,
e4ce9b54-aa49-5346-9e65-8e815bf2a5dd,2022-02-09 00:00:00+00,Tottenham,Southampton,2.0,3.0,48.0,8.0,3.0,,52.0,23.0,10.0,
482de887-cf5c-533f-b075-569f6367678d,2022-02-10 00:00:00+00,Liverpool,Leicester,2.0,0.0,65.0,22.0,11.0,,35.0,5.0,1.0,
3232951f-47b9-5ee3-aeb8-7c23e2d45e0e,2022-02-10 00:00:00+00,Wolves,Arsenal,0.0,1.0,58.0,15.0,4.0,,42.0,12.0,2.0,
10747881-bace-5ef4-8833-e6e9214e546d,2022-02-12 00:00:00+00,Everton,Leeds,3.0,0.0,42.0,21.0,10.0,,58.0,7.0,0.0,
2d274807-229a-5580-8a50-31a24458d25a,2022-02-12 00:00:00+00,Watford,Brighton,0.0,2.0,35.0,9.0,1.0,,65.0,11.0,6.0,
b237d58b-0bda-50cb-9e2e-8e9af50db348,2022-02-12 00:00:00+00,Manchester United,Southampton,1.0,1.0,52.0,12.0,8.0,,48.0,13.0,4.0,
3b76b7f7-8e12-54fc-9964-60801f4dabed,2022-02-12 00:00:00+00,Norwich,Manchester City,0.0,4.0,29.0,8.0,3.0,,71.0,22.0,9.0,
2b1e9f53-0c6e-55e7-8893-8d157b58e475,2022-02-12 00:00:00+00,Brentford,Crystal Palace,0.0,0.0,43.0,9.0,2.0,,57.0,6.0,3.0,
d735c06d-a484-53d3-8bcf-3d13b7b534ce,2022-02-13 00:00:00+00,Tottenham,Wolves,0.0,2.0,59.0,17.0,7.0,,41.0,11.0,7.0,
7c9b51c9-b9ff-5135-b7e6-dae5f0dbcff7,2022-02-13 00:00:00+00,Leicester,West Ham,2.0,2.0,55.0,13.0,2.0,,45.0,8.0,3.0,
b56f0b49-230a-5f67-a8bb-9df886ae591f,2022-02-13 00:00:00+00,Burnley,Liverpool,0.0,1.0,33.0,8.0,5.0,,67.0,12.0,4.0,
e1fc072a-7993-536c-b2f5-8368fc5e15f6,2022-02-13 00:00:00+00,Newcastle,Aston Villa,1.0,0.0,37.0,10.0,2.0,,63.0,11.0,1.0,
45e608be-3e4a-5e85-b94b-c23b0ea4017a,2022-02-15 00:00:00+00,Manchester United,Brighton,2.0,0.0,50.0,19.0,7.0,,50.0,10.0,3.0,
3406d5d3-1680-5eb9-907b-4e5ada27240e,2022-02-19 00:00:00+00,Southampton,Everton,2.0,0.0,56.0,19.0,11.0,,44.0,9.0,0.0,
23f57334-0689-56ed-9920-3730dd77d77f,2022-02-19 00:00:00+00,Crystal Palace,Chelsea,0.0,1.0,43.0,7.0,0.0,,57.0,9.0,3.0,
f68ebcbd-19a7-5156-9396-139c66fc3952,2022-02-19 00:00:00+00,West Ham,Newcastle,1.0,1.0,47.0,11.0,3.0,,53.0,14.0,3.0,
1de88285-b994-5fb9-9b2c-2c8f3e3ddb19,2022-02-19 00:00:00+00,Liverpool,Norwich,3.0,1.0,69.0,29.0,8.0,,31.0,6.0,1.0,
5e156b4c-0fd8-5139-b9ab-9a2a9fa65fa5,2022-02-19 00:00:00+00,Aston Villa,Watford,0.0,1.0,60.0,20.0,1.0,,40.0,8.0,4.0,
efe8578d-8ec3-5442-afdc-2a953781071d,2022-02-19 00:00:00+00,Brighton,Burnley,0.0,3.0,69.0,11.0,1.0,,31.0,10.0,4.0,
71c0fd04-2a2d-5ab0-bdce-6c2e2a7cd459,2022-02-19 00:00:00+00,Manchester City,Tottenham,2.0,3.0,71.0,21.0,4.0,,29.0,6.0,5.0,
21fe9c6f-4a15-51dc-a501-7836a2c05d29,2022-02-19 00:00:00+00,Arsenal,Brentford,2.0,1.0,66.0,24.0,8.0,,34.0,6.0,2.0,
9c58e245-6d43-5661-bd5e-f9fee22b0634,2022-02-20 00:00:00+00,Leeds,Manchester United,2.0,4.0,55.0,16.0,6.0,,45.0,15.0,9.0,
c61a0413-ed1f-5af4-83ae-1da4116e258f,2022-02-20 00:00:00+00,Wolves,Leicester,2.0,1.0,36.0,11.0,3.0,,64.0,17.0,7.0,
710744e1-8796-5c80-9ed9-69530881197d,2022-02-23 00:00:00+00,Watford,Crystal Palace,1.0,4.0,45.0,8.0,1.0,,55.0,7.0,5.0,
6ffc95d2-51ba-54da-9c37-6375804cd832,2022-02-23 00:00:00+00,Burnley,Tottenham,1.0,0.0,34.0,15.0,4.0,,66.0,12.0,2.0,
b86c3bc9-92cf-5b53-b559-79b519d0d5ec,2022-02-23 00:00:00+00,Liverpool,Leeds,6.0,0.0,64.0,23.0,15.0,,36.0,3.0,2.0,
98362d63-7ee3-5d97-be00-ac2459795d18,2022-02-24 00:00:00+00,Arsenal,Wolves,2.0,1.0,56.0,26.0,5.0,,44.0,6.0,2.0,
4845083f-2b64-51c8-9213-7d65e59f991e,2022-02-25 00:00:00+00,Southampton,Norwich,2.0,0.0,58.0,27.0,9.0,,42.0,8.0,1.0,
b7bc8350-2977-5b79-b102-0b7597f4335f,2022-02-26 00:00:00+00,Manchester United,Watford,0.0,0.0,67.0,22.0,3.0,,33.0,10.0,2.0,
b393784e-3966-5085-89c1-6d051aecd4e8,2022-02-26 00:00:00+00,Everton,Manchester City,0.0,1.0,33.0,6.0,2.0,,67.0,13.0,8.0,
d3c953fc-0964-5e78-b19f-8c171fb8551b,2022-02-26 00:00:00+00,Brighton,Aston Villa,0.0,2.0,67.0,12.0,1.0,,33.0,9.0,4.0,
2307f75b-9be0-5db1-98b1-ca8995f34a62,2022-02-26 00:00:00+00,Brentford,Newcastle,0.0,2.0,37.0,6.0,1.0,,63.0,26.0,11.0,
23f57cc0-b5b6-5a64-a215-66b0bd430feb,2022-02-26 00:00:00+00,Crystal Palace,Burnley,1.0,1.0,59.0,11.0,4.0,,41.0,5.0,1.0,
b0c2e3d7-cc64-58f2-9ee6-90ddea9fd04b,2022-02-26 00:00:00+00,Leeds,Tottenham,0.0,4.0,50.0,19.0,3.0,,50.0,15.0,11.0,
c8979079-2d8d-5840-8cc9-e69448b24740,2022-02-27 00:00:00+00,West Ham,Wolves,1.0,0.0,39.0,13.0,4.0,,61.0,14.0,1.0,
f4edcf9c-fd0d-5070-9c23-ee7faa64f4f9,2022-03-01 00:00:00+00,Burnley,Leicester,0.0,2.0,45.0,9.0,2.0,,55.0,22.0,6.0,
30aa6892-1632-5df9-93fd-e6673b8fd441,2022-03-05 00:00:00+00,Norwich,Brentford,1.0,3.0,60.0,15.0,7.0,,40.0,10.0,6.0,
13150f26-9944-5669-abe8-31740347183b,2022-03-05 00:00:00+00,Liverpool,West Ham,1.0,0.0,69.0,22.0,5.0,,31.0,13.0,5.0,
e7f4bd25-7492-5a71-8e58-ba6734c36d50,2022-03-05 00:00:00+00,Wolves,Crystal Palace,0.0,2.0,64.0,12.0,5.0,,36.0,12.0,8.0,
1920d9f5-fa70-59cc-9c4d-4f0d74eb274d,2022-03-05 00:00:00+00,Leicester,Leeds,1.0,0.0,51.0,7.0,4.0,,49.0,19.0,4.0,
2caef289-53c8-553d-9d11-3c41ac59913a,2022-03-05 00:00:00+00,Newcastle,Brighton,2.0,1.0,32.0,10.0,4.0,,68.0,15.0,4.0,
95228ac0-c961-5669-955e-60c8cfd1db33,2022-03-05 00:00:00+00,Aston Villa,Southampton,4.0,0.0,38.0,14.0,9.0,,62.0,11.0,1.0,
3da01947-b6f4-5cae-960d-128559c242e9,2022-03-05 00:00:00+00,Burnley,Chelsea,0.0,4.0,27.0,6.0,1.0,,73.0,11.0,5.0,
90387faa-cee9-5d3d-9158-aba43014b864,2022-03-06 00:00:00+00,Manchester City,Manchester United,4.0,1.0,69.0,24.0,10.0,,31.0,5.0,2.0,
5d27aff6-63a0-5dfc-8315-19b516af7bc2,2022-03-06 00:00:00+00,Watford,Arsenal,2.0,3.0,43.0,13.0,7.0,,57.0,16.0,4.0,
21f7d718-0cda-58da-bfda-dcd637aef1c8,2022-03-07 00:00:00+00,Tottenham,Everton,5.0,0.0,55.0,14.0,7.0,,45.0,6.0,0.0,
fee22bd5-86f5-52e0-aadf-1086494bf299,2022-03-10 00:00:00+00,Wolves,Watford,4.0,0.0,66.0,10.0,5.0,,34.0,9.0,0.0,
ee4e8779-6356-5e77-86a9-4c54e4a4ae22,2022-03-10 00:00:00+00,Norwich,Chelsea,1.0,3.0,34.0,8.0,3.0,,66.0,15.0,7.0,
5f890813-3c55-569b-88e6-a2c49906955c,2022-03-10 00:00:00+00,Leeds,Aston Villa,0.0,3.0,51.0,4.0,1.0,,49.0,15.0,9.0,
2cd6523e-9bc1-527d-ad82-5056a1b32564,2022-03-10 00:00:00+00,Southampton,Newcastle,1.0,2.0,68.0,14.0,5.0,,32.0,8.0,4.0,
653fac8f-4693-5275-9e3a-6441096f61d7,2022-03-12 00:00:00+00,Brentford,Burnley,2.0,0.0,55.0,13.0,4.0,,45.0,7.0,1.0,
c6f25613-8e7e-5685-b2e8-3be8cd1d338b,2022-03-12 00:00:00+00,Brighton,Liverpool,0.0,2.0,52.0,8.0,3.0,,48.0,18.0,9.0,
8bb814af-3521-5195-ab69-a06b3340e81b,2022-03-12 00:00:00+00,Manchester United,Tottenham,3.0,2.0,44.0,10.0,6.0,,56.0,10.0,3.0,
2a30c04f-a226-50c9-b026-a37ceee46e34,2022-03-13 00:00:00+00,Everton,Wolves,0.0,1.0,38.0,7.0,2.0,,62.0,14.0,3.0,
6ed36f87-fd1e-54c7-a92f-38d16613f226,2022-03-13 00:00:00+00,Arsenal,Leicester,2.0,0.0,46.0,21.0,8.0,,54.0,6.0,3.0,
ae1f5974-12d0-530d-879a-ffe9a3aafbc6,2022-03-13 00:00:00+00,Chelsea,Newcastle,1.0,0.0,73.0,8.0,3.0,,27.0,7.0,2.0,
2a71e3f2-758f-5280-9fbc-3e680e78d092,2022-03-13 00:00:00+00,Leeds,Norwich,2.0,1.0,53.0,13.0,7.0,,47.0,12.0,4.0,
d0e066c9-1eb9-5d1d-b159-822d87491c89,2022-03-13 00:00:00+00,West Ham,Aston Villa,2.0,1.0,47.0,11.0,4.0,,53.0,13.0,7.0,
1996096d-df43-5838-8bb1-a440695bc794,2022-03-13 00:00:00+00,Southampton,Watford,1.0,2.0,63.0,13.0,7.0,,37.0,9.0,5.0,
516701b9-c996-568e-a50f-f3230133e918,2022-03-14 00:00:00+00,Crystal Palace,Manchester City,0.0,0.0,26.0,7.0,1.0,,74.0,18.0,4.0,
6f188780-8532-5b7d-9660-a0a4d76f5ecd,2022-03-16 00:00:00+00,Arsenal,Liverpool,0.0,2.0,48.0,9.0,2.0,,52.0,9.0,3.0,
bdf0a518-6de4-568c-8e6e-ce215976c90f,2022-03-16 00:00:00+00,Brighton,Tottenham,0.0,2.0,48.0,15.0,0.0,,52.0,17.0,7.0,
6e25319b-be2e-504e-b47c-b7994fa2d754,2022-03-17 00:00:00+00,Everton,Newcastle,1.0,0.0,38.0,9.0,3.0,,62.0,17.0,6.0,
3553e451-58b5-5bf0-a325-f9205f5e5741,2022-03-18 00:00:00+00,Wolves,Leeds,2.0,3.0,48.0,14.0,8.0,,52.0,15.0,6.0,
e1a46b07-c9ee-5522-a35a-fe6cc9dfc43b,2022-03-19 00:00:00+00,Aston Villa,Arsenal,0.0,1.0,47.0,8.0,1.0,,53.0,10.0,3.0,
8b355f4a-59f5-50d8-8329-0843ca88018e,2022-03-20 00:00:00+00,Tottenham,West Ham,3.0,1.0,53.0,17.0,4.0,,47.0,6.0,1.0,
4652f9e3-a78d-584c-a697-a00e16517124,2022-03-20 00:00:00+00,Leicester,Brentford,2.0,1.0,53.0,12.0,4.0,,47.0,15.0,6.0,
d42e6bb8-dcfd-5c1a-97fb-4745e374a417,2022-04-02 00:00:00+00,Leeds,Southampton,1.0,1.0,56.0,12.0,3.0,,44.0,14.0,6.0,
bd926f6d-588b-51b5-87a2-2a6f852f00a6,2022-04-02 00:00:00+00,Liverpool,Watford,2.0,0.0,73.0,20.0,3.0,,27.0,5.0,2.0,
c5636af9-6c56-5019-9fe7-37588884e3c8,2022-04-02 00:00:00+00,Manchester United,Leicester,1.0,1.0,54.0,11.0,5.0,,46.0,11.0,3.0,
05c08c4c-baa6-5d74-8ff6-94ff1b9bb106,2022-04-02 00:00:00+00,Brighton,Norwich,0.0,0.0,63.0,31.0,4.0,,37.0,6.0,0.0,
933d7c79-a14a-586c-980f-4e6c9caf1577,2022-04-02 00:00:00+00,Wolves,Aston Villa,2.0,1.0,48.0,11.0,5.0,,52.0,15.0,5.0,
637e27c8-2c0b-57ee-bcbc-ec78e6178786,2022-04-02 00:00:00+00,Burnley,Manchester City,0.0,2.0,23.0,3.0,1.0,,77.0,18.0,6.0,
9b1b6455-27b2-5e3b-9d28-ba6d32f6c5a9,2022-04-02 00:00:00+00,Chelsea,Brentford,1.0,4.0,71.0,21.0,8.0,,29.0,17.0,6.0,
49bfbcc0-7670-5930-bf52-d4edba202860,2022-04-03 00:00:00+00,West Ham,Everton,2.0,1.0,56.0,11.0,5.0,,44.0,13.0,2.0,
e8fef585-e47e-5fe2-bd56-503a95f62673,2022-04-03 00:00:00+00,Tottenham,Newcastle,5.0,1.0,61.0,19.0,6.0,,39.0,8.0,1.0,
15d05794-f45a-58ee-82d1-63d2f80edd6e,2022-04-04 00:00:00+00,Crystal Palace,Arsenal,3.0,0.0,31.0,6.0,5.0,,69.0,12.0,3.0,
d44c732a-2c9e-56bc-b881-8adaed8f6d19,2022-04-06 00:00:00+00,Burnley,Everton,3.0,2.0,51.0,13.0,4.0,,49.0,16.0,4.0,
cf06eb21-6c2f-5431-99f5-178776770760,2022-04-08 00:00:00+00,Newcastle,Wolves,1.0,0.0,41.0,12.0,4.0,,59.0,5.0,2.0,
1138534b-80a7-5a24-b8fc-41d0442ee049,2022-04-09 00:00:00+00,Watford,Leeds,0.0,3.0,48.0,8.0,1.0,,52.0,10.0,5.0,
dbc645c0-f682-5742-b9d5-8f8c7cd77baa,2022-04-09 00:00:00+00,Arsenal,Brighton,1.0,2.0,65.0,20.0,4.0,,35.0,8.0,3.0,
88c7180e-d095-5fe4-9186-23fad0084ae2,2022-04-09 00:00:00+00,Everton,Manchester United,1.0,0.0,33.0,7.0,3.0,,67.0,12.0,4.0,
18e845b8-60ff-5387-8345-5b2954748752,2022-04-09 00:00:00+00,Southampton,Chelsea,0.0,6.0,29.0,4.0,1.0,,71.0,24.0,14.0,
7c042acc-ecc5-55e5-af7f-8288fec99a35,2022-04-09 00:00:00+00,Aston Villa,Tottenham,0.0,4.0,52.0,19.0,8.0,,48.0,11.0,5.0,
d061c6a5-080e-5278-894e-f2231add1c71,2022-04-10 00:00:00+00,Leicester,Crystal Palace,2.0,1.0,51.0,12.0,3.0,,49.0,11.0,3.0,
caf2b05a-5808-570d-b9f2-0ec52beb68ae,2022-04-10 00:00:00+00,Brentford,West Ham,2.0,0.0,47.0,15.0,7.0,,53.0,5.0,1.0,
fb1c593e-d220-5389-afcb-a906ec5fda46,2022-04-10 00:00:00+00,Norwich,Burnley,2.0,0.0,45.0,17.0,6.0,,55.0,18.0,4.0,
f28ecfd3-bfe0-52d1-b4bf-644b5ab38bfc,2022-04-10 00:00:00+00,Manchester City,Liverpool,2.0,2.0,55.0,11.0,5.0,,45.0,6.0,4.0,
d1e59719-0c2d-591e-8872-f03b3a2dce07,2022-04-16 00:00:00+00,Watford,Brentford,1.0,2.0,51.0,17.0,4.0,,49.0,16.0,5.0,
3f0292f2-1cfb-5d45-91c1-f59e99d9f040,2022-04-16 00:00:00+00,Manchester United,Norwich,3.0,2.0,61.0,20.0,9.0,,39.0,15.0,4.0,
141701b2-3771-5e31-a713-966d1d6828e5,2022-04-16 00:00:00+00,Tottenham,Brighton,0.0,1.0,49.0,5.0,0.0,,51.0,12.0,5.0,
8311eeb2-2412-549f-b5e3-dfd2f40d98a8,2022-04-16 00:00:00+00,Southampton,Arsenal,1.0,0.0,24.0,9.0,3.0,,76.0,23.0,6.0,
65ccce42-f03f-5ecd-a332-1816ce984d94,2022-04-17 00:00:00+00,West Ham,Burnley,1.0,1.0,61.0,21.0,8.0,,39.0,9.0,1.0,
160a1baf-44ff-55b4-93c6-747c5828f7cf,2022-04-17 00:00:00+00,Newcastle,Leicester,2.0,1.0,31.0,16.0,7.0,,69.0,8.0,2.0,
49dd6716-9e2f-5ad6-bf47-c11c6a208f89,2022-04-19 00:00:00+00,Liverpool,Manchester United,4.0,0.0,72.0,14.0,5.0,,28.0,2.0,1.0,
bcb1d3f5-cd4c-57a9-826f-004d3db6e560,2022-04-20 00:00:00+00,Everton,Leicester,1.0,1.0,37.0,13.0,3.0,,63.0,11.0,3.0,
ab4dff43-bcff-5a94-a6a1-bacdbec92381,2022-04-20 00:00:00+00,Newcastle,Crystal Palace,1.0,0.0,36.0,13.0,4.0,,64.0,10.0,2.0,
d0ed8049-4f8f-5a30-9cf6-7613f6ff8d96,2022-04-20 00:00:00+00,Chelsea,Arsenal,2.0,4.0,68.0,11.0,2.0,,32.0,14.0,4.0,
7c6f88f2-7cc8-5630-a19b-daf44e42abb5,2022-04-20 00:00:00+00,Manchester City,Brighton,3.0,0.0,65.0,17.0,5.0,,35.0,2.0,1.0,
076cf4ef-64f4-58a6-9758-9c162037fe51,2022-04-21 00:00:00+00,Burnley,Southampton,2.0,0.0,43.0,16.0,6.0,,57.0,11.0,3.0,
72287fe9-2a59-5126-9c94-445f13fe6763,2022-04-23 00:00:00+00,Manchester City,Watford,5.0,1.0,74.0,21.0,8.0,,26.0,5.0,2.0,
a710fe2d-a962-5449-a2dd-ff7965b51289,2022-04-23 00:00:00+00,Norwich,Newcastle,0.0,3.0,45.0,5.0,2.0,,55.0,13.0,7.0,
904c3051-e22c-576a-93e0-ad0541bed4a9,2022-04-23 00:00:00+00,Leicester,Aston Villa,0.0,0.0,64.0,5.0,2.0,,36.0,11.0,3.0,
b40f63c3-1f00-513c-ae33-371d73747c01,2022-04-23 00:00:00+00,Brentford,Tottenham,0.0,0.0,44.0,15.0,2.0,,56.0,9.0,0.0,
8b0360a1-04d9-5b1c-a29d-4bf1e01c9d2c,2022-04-23 00:00:00+00,Arsenal,Manchester United,3.0,1.0,55.0,14.0,7.0,,45.0,14.0,5.0,
68b5136f-22f1-5379-a95c-ab187e6b03a8,2022-04-24 00:00:00+00,Brighton,Southampton,2.0,2.0,49.0,8.0,5.0,,51.0,18.0,5.0,
383ec99a-6422-5fc4-bd27-8df0adc15adb,2022-04-24 00:00:00+00,Burnley,Wolves,1.0,0.0,36.0,14.0,5.0,,64.0,10.0,4.0,
d4109cee-8cc1-53f2-beb2-d566f2a94ab6,2022-04-24 00:00:00+00,Chelsea,West Ham,1.0,0.0,67.0,26.0,5.0,,33.0,6.0,2.0,
5c86e393-22b7-5a50-bafd-dee2971fc81e,2022-04-24 00:00:00+00,Liverpool,Everton,2.0,0.0,82.0,18.0,4.0,,18.0,9.0,1.0,
098e7197-3d48-5e61-b288-9218f79e36be,2022-04-25 00:00:00+00,Crystal Palace,Leeds,0.0,0.0,53.0,17.0,7.0,,47.0,9.0,2.0,
cd86d723-09fa-51d5-8743-c7c98aa07610,2022-04-28 00:00:00+00,Manchester United,Chelsea,1.0,1.0,35.0,6.0,3.0,,65.0,21.0,6.0,
a354e79f-84ca-55e6-8741-c5972bd7f64f,2022-04-30 00:00:00+00,Watford,Burnley,1.0,2.0,47.0,13.0,1.0,,53.0,17.0,6.0,
40fdcc36-0c00-5ad8-b41e-a2a7a314b5ec,2022-04-30 00:00:00+00,Leeds,Manchester City,0.0,4.0,41.0,7.0,2.0,,59.0,19.0,6.0,
7d5a3427-b7c6-5b36-ab66-423577742008,2022-04-30 00:00:00+00,Aston Villa,Norwich,2.0,0.0,45.0,21.0,6.0,,55.0,9.0,3.0,
84469d3f-dd34-5aec-ba37-6a70005df9cb,2022-04-30 00:00:00+00,Wolves,Brighton,0.0,3.0,49.0,11.0,1.0,,51.0,17.0,9.0,
2b8a9739-3123-521c-885e-aa654173a834,2022-04-30 00:00:00+00,Southampton,Crystal Palace,1.0,2.0,38.0,8.0,3.0,,62.0,14.0,5.0,
9b877ba7-b556-5f8d-ae51-b9d91368a4b0,2022-04-30 00:00:00+00,Newcastle,Liverpool,0.0,1.0,34.0,4.0,2.0,,66.0,24.0,10.0,
51f874bb-d1ea-5b74-8828-3077aa44a052,2022-05-01 00:00:00+00,Everton,Chelsea,1.0,0.0,22.0,9.0,4.0,,78.0,17.0,5.0,
49f01838-5704-5ca0-ac38-fe3e7f9d63ac,2022-05-01 00:00:00+00,West Ham,Arsenal,1.0,2.0,57.0,8.0,3.0,,43.0,13.0,7.0,
0fb61b87-6022-5861-82db-52f089ada6c3,2022-05-01 00:00:00+00,Tottenham,Leicester,3.0,1.0,39.0,13.0,7.0,,61.0,6.0,2.0,
a9f539a6-e342-5f7c-8a6d-9a5687b6c887,2022-05-02 00:00:00+00,Manchester United,Brentford,3.0,0.0,64.0,9.0,5.0,,36.0,12.0,4.0,
51c36dd1-b846-5ce4-b51a-ccc5635a7ce3,2022-05-07 00:00:00+00,Brighton,Manchester United,4.0,0.0,42.0,17.0,6.0,,58.0,15.0,5.0,
86670a86-d5e8-580f-822f-0d150ea8a529,2022-05-07 00:00:00+00,Liverpool,Tottenham,1.0,1.0,65.0,22.0,3.0,,35.0,8.0,3.0,
e4a37f3c-c5bd-510f-a4b0-b2ac2047ac7a,2022-05-07 00:00:00+00,Burnley,Aston Villa,1.0,3.0,49.0,14.0,6.0,,51.0,12.0,7.0,
0608ab90-9827-50c9-8b5c-86d37750fad3,2022-05-07 00:00:00+00,Crystal Palace,Watford,1.0,0.0,68.0,15.0,7.0,,32.0,6.0,1.0,
d74b84a0-8d25-5db7-ac6e-ddf517974b8e,2022-05-07 00:00:00+00,Chelsea,Wolves,2.0,2.0,59.0,19.0,6.0,,41.0,14.0,4.0,
34845e2d-8fad-50f4-834d-737a0e0c0f48,2022-05-07 00:00:00+00,Brentford,Southampton,3.0,0.0,40.0,18.0,5.0,,60.0,19.0,4.0,
988c975c-ccc6-5f5d-9817-aed764efeb90,2022-05-08 00:00:00+00,Manchester City,Newcastle,5.0,0.0,71.0,21.0,9.0,,29.0,7.0,3.0,
b93365f5-130c-5fe6-9cad-f33069e631bd,2022-05-08 00:00:00+00,Leicester,Everton,1.0,2.0,66.0,16.0,9.0,,34.0,10.0,4.0,
1f34b709-c51b-57b7-83b2-862fe08729f7,2022-05-08 00:00:00+00,Norwich,West Ham,0.0,4.0,37.0,8.0,2.0,,63.0,13.0,5.0,
c3ec9263-3199-5626-8e4a-6dcc34c76251,2022-05-08 00:00:00+00,Arsenal,Leeds,2.0,1.0,63.0,19.0,9.0,,37.0,3.0,2.0,
d2699933-246f-5451-8926-565dcc4bf7ed,2022-05-10 00:00:00+00,Aston Villa,Liverpool,1.0,2.0,39.0,9.0,4.0,,61.0,17.0,6.0,
b9747289-61cb-5c83-8ea5-eb5bd918bc1a,2022-05-11 00:00:00+00,Leeds,Chelsea,0.0,3.0,32.0,5.0,0.0,,68.0,17.0,4.0,
fc716e6e-ed3c-587c-af81-b4eb1985998b,2022-05-11 00:00:00+00,Leicester,Norwich,3.0,0.0,65.0,20.0,8.0,,35.0,9.0,5.0,
afe00710-e197-5c30-9c20-819c1bad905b,2022-05-11 00:00:00+00,Watford,Everton,0.0,0.0,48.0,6.0,0.0,,52.0,16.0,5.0,
10f3ae53-666c-5baa-a4e0-4399fa18d3c1,2022-05-11 00:00:00+00,Wolves,Manchester City,1.0,5.0,34.0,7.0,3.0,,66.0,15.0,5.0,
85357320-55c0-59b3-a596-79806c305f71,2022-05-12 00:00:00+00,Tottenham,Arsenal,3.0,0.0,58.0,16.0,6.0,,42.0,8.0,4.0,
961e7e9e-fb7e-5db8-8551-ed09de72913d,2022-05-15 00:00:00+00,Tottenham,Burnley,1.0,0.0,68.0,21.0,8.0,,32.0,8.0,1.0,
f140cd6a-9c04-532a-9777-f795c117fae7,2022-05-15 00:00:00+00,West Ham,Manchester City,2.0,2.0,22.0,6.0,2.0,,78.0,31.0,8.0,
de5057a9-518a-5ff0-89ed-148f605b8ddd,2022-05-15 00:00:00+00,Leeds,Brighton,1.0,1.0,50.0,19.0,5.0,,50.0,15.0,6.0,
d7d7c51b-adf0-5b39-96ba-37b08ba7e247,2022-05-15 00:00:00+00,Wolves,Norwich,1.0,1.0,64.0,17.0,4.0,,36.0,11.0,2.0,
0dabf186-502c-5868-8d0b-42ad9fe108c7,2022-05-15 00:00:00+00,Watford,Leicester,1.0,5.0,41.0,13.0,5.0,,59.0,13.0,7.0,
77bd2dd1-d07f-5bcd-8a81-b7cce3179a30,2022-05-15 00:00:00+00,Aston Villa,Crystal Palace,1.0,1.0,48.0,13.0,4.0,,52.0,16.0,4.0,
cacd06cc-fdc8-5b67-b1af-5e5b0f1c808c,2022-05-15 00:00:00+00,Everton,Brentford,2.0,3.0,28.0,10.0,5.0,,72.0,18.0,7.0,
12c91b6d-c391-5e3f-8f90-117b54ffa971,2022-05-16 00:00:00+00,Newcastle,Arsenal,2.0,0.0,51.0,16.0,4.0,,49.0,11.0,2.0,
b225c168-ef6b-501d-819a-f0bd3af0bb6a,2022-05-17 00:00:00+00,Southampton,Liverpool,1.0,2.0,29.0,4.0,2.0,,71.0,24.0,5.0,
8b0a70f4-3790-5b2d-995c-3a6613a91146,2022-05-19 00:00:00+00,Chelsea,Leicester,1.0,1.0,68.0,19.0,7.0,,32.0,2.0,1.0,
f20bc72f-5b7e-527c-b676-edc5b31d686e,2022-05-19 00:00:00+00,Everton,Crystal Palace,3.0,2.0,43.0,12.0,6.0,,57.0,7.0,5.0,
390a543d-a7dd-5ec5-bf1c-8f977ad22dde,2022-05-19 00:00:00+00,Aston Villa,Burnley,1.0,1.0,71.0,22.0,9.0,,29.0,10.0,4.0,
e39a27e7-95e6-5d55-801a-2edca9c59722,2022-05-22 00:00:00+00,Crystal Palace,Manchester United,1.0,0.0,38.0,6.0,3.0,,62.0,10.0,4.0,
4f224715-07b8-5345-952f-9e6ea1beef70,2022-05-22 00:00:00+00,Manchester City,Aston Villa,3.0,2.0,72.0,24.0,5.0,,28.0,4.0,2.0,
9660ae37-14aa-5fcc-bbf4-cd43036e3028,2022-05-22 00:00:00+00,Burnley,Newcastle,1.0,2.0,51.0,12.0,5.0,,49.0,8.0,6.0,
52fefa67-9fd8-5006-bffc-ec37caea6d85,2022-05-22 00:00:00+00,Brighton,West Ham,3.0,1.0,50.0,18.0,7.0,,50.0,7.0,2.0,
9d294bf9-c622-54d9-b8e2-037664599fc4,2022-05-22 00:00:00+00,Arsenal,Everton,5.0,1.0,74.0,26.0,9.0,,26.0,6.0,2.0,
54ce9e3b-205f-51cb-8109-fada6a1bfcb5,2022-05-22 00:00:00+00,Liverpool,Wolves,3.0,1.0,63.0,29.0,8.0,,37.0,7.0,5.0,
62fa847a-3460-509d-b891-c64bd9e2a9ac,2022-05-22 00:00:00+00,Brentford,Leeds,1.0,2.0,49.0,14.0,5.0,,51.0,14.0,6.0,
5026005f-8cec-54ac-92c6-6cbdf5843dbc,2022-05-22 00:00:00+00,Chelsea,Watford,2.0,1.0,72.0,19.0,8.0,,28.0,8.0,3.0,
237c2374-f765-5276-ba6e-80a7f9612d26,2022-05-22 00:00:00+00,Leicester,Southampton,4.0,1.0,51.0,12.0,6.0,,49.0,7.0,2.0,
0c1341ad-6a63-5841-baa6-cfd4ef8638de,2022-05-22 00:00:00+00,Norwich,Tottenham,0.0,5.0,40.0,9.0,0.0,,60.0,19.0,13.0,
af405213-7e75-561a-ad03-14a053430862,2022-08-05 00:00:00+00,Crystal Palace,Arsenal,0.0,2.0,56.0,10.0,2.0,,44.0,10.0,2.0,
4e38cc4b-e26b-5ad6-88cc-fd22addfbc9c,2022-08-06 00:00:00+00,Fulham,Liverpool,2.0,2.0,33.0,9.0,3.0,,67.0,11.0,4.0,
00624fa5-a0ac-5dd5-ae1d-661001b5c7d7,2022-08-06 00:00:00+00,Bournemouth,Aston Villa,2.0,0.0,34.0,7.0,3.0,,66.0,15.0,2.0,
3a89bd0f-a931-5a89-b30e-b98b5e0b93c5,2022-08-06 00:00:00+00,Leeds,Wolves,2.0,1.0,40.0,12.0,4.0,,60.0,15.0,6.0,
5fce8164-160d-5f81-b8d9-edf90ac099e5,2022-08-06 00:00:00+00,Newcastle,Nottingham Forest,2.0,0.0,61.0,23.0,10.0,,39.0,5.0,0.0,
460d2d85-3d0a-56ab-aa5d-4a59f12440e1,2022-08-06 00:00:00+00,Everton,Chelsea,0.0,1.0,37.0,8.0,4.0,,63.0,15.0,6.0,
52b44428-34ca-5c62-b648-48e42c40e924,2022-08-06 00:00:00+00,Tottenham,Southampton,4.0,1.0,58.0,18.0,8.0,,42.0,10.0,2.0,
abf2d781-b4b2-5e09-b86b-347e059a548b,2022-08-07 00:00:00+00,Leicester,Brentford,2.0,2.0,55.0,14.0,5.0,,45.0,8.0,3.0,
8a36a17c-d5ac-5785-984f-d524d578c688,2022-08-07 00:00:00+00,Manchester United,Brighton,1.0,2.0,63.0,17.0,5.0,,37.0,15.0,4.0,
24377b75-c155-57da-a0b0-c8043e5a2917,2022-08-07 00:00:00+00,West Ham,Manchester City,0.0,2.0,25.0,6.0,1.0,,75.0,14.0,2.0,
c34be1be-3ec7-5852-a6c0-6ebbb122ada6,2022-08-13 00:00:00+00,Arsenal,Leicester,4.0,2.0,50.0,19.0,7.0,,50.0,6.0,2.0,
3c9ac0de-f4cd-53b5-8056-66ae33cd87c9,2022-08-13 00:00:00+00,Wolves,Fulham,0.0,0.0,60.0,7.0,1.0,,40.0,9.0,3.0,
870582a8-6890-5b62-91da-3b36f59f7ad1,2022-08-13 00:00:00+00,Manchester City,Bournemouth,4.0,0.0,67.0,19.0,7.0,,33.0,3.0,1.0,
baee0384-97f8-52e2-82fb-36f1897792d3,2022-08-13 00:00:00+00,Brighton,Newcastle,0.0,0.0,55.0,13.0,7.0,,45.0,4.0,1.0,
0f837ea1-4b6c-5c68-b4ac-fe0cebf862ea,2022-08-13 00:00:00+00,Aston Villa,Everton,2.0,1.0,58.0,12.0,4.0,,42.0,15.0,4.0,
96d5ebba-c505-58cf-8a0e-cc444a0b635a,2022-08-13 00:00:00+00,Brentford,Manchester United,4.0,0.0,33.0,13.0,7.0,,67.0,15.0,4.0,
7fbf85f9-ab89-5766-94ce-7b2acd7bfae7,2022-08-13 00:00:00+00,Southampton,Leeds,2.0,2.0,43.0,14.0,4.0,,57.0,13.0,5.0,
49c63544-9a2d-56b5-bd70-4afd801502b9,2022-08-14 00:00:00+00,Nottingham Forest,West Ham,1.0,0.0,43.0,13.0,6.0,,57.0,19.0,5.0,
0db11dd0-e34f-583a-8073-ab9bd9e9afdd,2022-08-14 00:00:00+00,Chelsea,Tottenham,2.0,2.0,64.0,16.0,3.0,,36.0,10.0,5.0,
2a339c91-126b-5d67-843b-9616b6497842,2022-08-15 00:00:00+00,Liverpool,Crystal Palace,1.0,1.0,73.0,24.0,4.0,,27.0,7.0,3.0,
296147ff-6efa-5163-84b5-931e327c3954,2022-08-20 00:00:00+00,Crystal Palace,Aston Villa,3.0,1.0,51.0,17.0,9.0,,49.0,13.0,5.0,
f3c53390-fcb9-5580-a242-08e4370fcf27,2022-08-20 00:00:00+00,Fulham,Brentford,3.0,2.0,44.0,18.0,9.0,,56.0,13.0,5.0,
7f270632-b57d-5f71-a3f8-6b4467bea8ca,2022-08-20 00:00:00+00,Leicester,Southampton,1.0,2.0,62.0,6.0,1.0,,38.0,9.0,3.0,
121b8060-e5a6-5f00-9598-544bbd3ddc92,2022-08-20 00:00:00+00,Bournemouth,Arsenal,0.0,3.0,42.0,6.0,1.0,,58.0,14.0,6.0,
7a6fe211-b17f-5fab-8016-0e8358e2dcf3,2022-08-20 00:00:00+00,Everton,Nottingham Forest,1.0,1.0,48.0,19.0,8.0,,52.0,14.0,5.0,
1a930712-4dc7-5178-b506-8f2a62621194,2022-08-20 00:00:00+00,Tottenham,Wolves,1.0,0.0,50.0,11.0,4.0,,50.0,20.0,3.0,
8e546b3d-66b1-5acb-a658-13366a6aad34,2022-08-21 00:00:00+00,Leeds,Chelsea,3.0,0.0,39.0,12.0,6.0,,61.0,14.0,3.0,
ad356c9b-a22f-522e-87c0-65a0ec10692a,2022-08-21 00:00:00+00,West Ham,Brighton,0.0,2.0,50.0,13.0,3.0,,50.0,11.0,2.0,
3543d850-32f4-5ffa-8039-db5e1993b49d,2022-08-21 00:00:00+00,Newcastle,Manchester City,3.0,3.0,31.0,12.0,6.0,,69.0,21.0,10.0,
c9cd876a-96a9-5a4e-b9e7-e655a182c131,2022-08-22 00:00:00+00,Manchester United,Liverpool,2.0,1.0,30.0,13.0,5.0,,70.0,17.0,5.0,
3cda3c5a-62a2-53e5-bcf6-86fe67bfb41a,2022-08-27 00:00:00+00,Chelsea,Leicester,2.0,1.0,45.0,7.0,4.0,,55.0,17.0,5.0,
37bff858-3fc5-5de9-b2a0-6c31b6a1c356,2022-08-27 00:00:00+00,Brentford,Everton,1.0,1.0,58.0,20.0,5.0,,42.0,14.0,7.0,
193c4b99-e943-5612-8259-ceed4cdf6092,2022-08-27 00:00:00+00,Brighton,Leeds,1.0,0.0,43.0,13.0,4.0,,57.0,10.0,2.0,
c56091b7-7d25-5f4c-b4b1-8ebe5cf16468,2022-08-27 00:00:00+00,Liverpool,Bournemouth,9.0,0.0,69.0,19.0,12.0,,31.0,5.0,2.0,
0d9add7e-7754-582f-8ff6-37cf124ba57b,2022-08-27 00:00:00+00,Arsenal,Fulham,2.0,1.0,72.0,22.0,8.0,,28.0,11.0,3.0,
3690246c-2553-5c9d-8370-a3bbb5659372,2022-08-27 00:00:00+00,Southampton,Manchester United,0.0,1.0,48.0,17.0,5.0,,52.0,11.0,6.0,
adaf5659-8577-50ac-a405-bfcb344ccebe,2022-08-27 00:00:00+00,Manchester City,Crystal Palace,4.0,2.0,74.0,18.0,5.0,,26.0,2.0,2.0,
1e9b9ecb-ccd5-5e39-8847-88fd99ae3972,2022-08-28 00:00:00+00,Wolves,Newcastle,1.0,1.0,36.0,10.0,4.0,,64.0,21.0,6.0,
5a9d0ad1-b58e-5e62-95ff-fed73edc2908,2022-08-28 00:00:00+00,Nottingham Forest,Tottenham,0.0,2.0,55.0,17.0,1.0,,45.0,18.0,7.0,
20f68248-115a-593c-af5d-189ab65808c0,2022-08-28 00:00:00+00,Aston Villa,West Ham,0.0,1.0,58.0,9.0,3.0,,42.0,7.0,2.0,
61cc90a9-15e2-54ae-bec4-ec9100218157,2022-08-30 00:00:00+00,Crystal Palace,Brentford,1.0,1.0,49.0,13.0,4.0,,51.0,9.0,3.0,
986f550b-b891-50a6-a935-2778d5373fd2,2022-08-30 00:00:00+00,Fulham,Brighton,2.0,1.0,39.0,10.0,3.0,,61.0,7.0,4.0,
d789ebe5-1f8f-5e00-8932-fff95ea32cf3,2022-08-30 00:00:00+00,Southampton,Chelsea,2.0,1.0,32.0,9.0,7.0,,68.0,10.0,4.0,
558aefeb-b401-5309-a53d-4f0f680ec4fc,2022-08-30 00:00:00+00,Leeds,Everton,1.0,1.0,69.0,14.0,5.0,,31.0,7.0,2.0,
5b869b72-f7bf-51e0-8847-b5eca7207755,2022-08-31 00:00:00+00,Manchester City,Nottingham Forest,6.0,0.0,75.0,17.0,9.0,,25.0,8.0,1.0,
a5d1d777-2aaf-58a1-b87e-cfd41174158c,2022-08-31 00:00:00+00,Liverpool,Newcastle,2.0,1.0,72.0,23.0,6.0,,28.0,5.0,2.0,
591ff817-1ce3-5b73-8c72-9f24d9667d26,2022-08-31 00:00:00+00,Bournemouth,Wolves,0.0,0.0,34.0,5.0,2.0,,66.0,17.0,4.0,
8e6a4be3-962f-531a-80c7-ab96f956ef4e,2022-08-31 00:00:00+00,Arsenal,Aston Villa,2.0,1.0,59.0,22.0,9.0,,41.0,4.0,3.0,
9485e6c1-cc23-581d-b018-2362b7477057,2022-08-31 00:00:00+00,West Ham,Tottenham,1.0,1.0,38.0,14.0,4.0,,62.0,12.0,3.0,
ad2b791b-4c4c-5469-96a1-7c0b761268ae,2022-09-01 00:00:00+00,Leicester,Manchester United,0.0,1.0,54.0,10.0,2.0,,46.0,9.0,2.0,
930c4323-ddf7-5676-94a0-56671b1ddce2,2022-09-03 00:00:00+00,Brentford,Leeds,5.0,2.0,31.0,14.0,8.0,,69.0,17.0,6.0,
cf88024b-964b-5632-b5b2-d46064e9a80d,2022-09-03 00:00:00+00,Wolves,Southampton,1.0,0.0,51.0,7.0,2.0,,49.0,12.0,1.0,
99349755-614d-5104-bd9d-08cef92a8bae,2022-09-03 00:00:00+00,Aston Villa,Manchester City,1.0,1.0,28.0,3.0,1.0,,72.0,13.0,4.0,
307c6f1b-163a-583b-9be0-6023a41cc20e,2022-09-03 00:00:00+00,Tottenham,Fulham,2.0,1.0,52.0,23.0,10.0,,48.0,9.0,3.0,
2794ab15-056c-50bf-94e1-7b66f803d91b,2022-09-03 00:00:00+00,Everton,Liverpool,0.0,0.0,39.0,14.0,3.0,,61.0,23.0,8.0,
9351b820-b432-59fc-8b99-de9d8ad7a7e8,2022-09-03 00:00:00+00,Nottingham Forest,Bournemouth,2.0,3.0,53.0,11.0,3.0,,47.0,8.0,3.0,
b96372ce-152f-5c40-a10f-b3c99b18e0f8,2022-09-03 00:00:00+00,Newcastle,Crystal Palace,0.0,0.0,52.0,23.0,6.0,,48.0,19.0,9.0,
78a5cdf3-09f4-5191-91c1-ea45530aec6d,2022-09-03 00:00:00+00,Chelsea,West Ham,2.0,1.0,68.0,8.0,3.0,,32.0,6.0,3.0,
0dc03489-31d9-5bec-92ae-d4e4149adb9d,2022-09-04 00:00:00+00,Manchester United,Arsenal,3.0,1.0,40.0,10.0,6.0,,60.0,16.0,3.0,
bcb0a90f-d921-5a5e-b330-c98387ea2d85,2022-09-04 00:00:00+00,Brighton,Leicester,5.0,2.0,54.0,23.0,11.0,,46.0,6.0,4.0,
765637c0-da28-53cb-81bb-bea75447caed,2022-09-16 00:00:00+00,Aston Villa,Southampton,1.0,0.0,53.0,11.0,3.0,,47.0,7.0,1.0,
5d3c1938-fd4c-5d2d-9b42-a6359bdd43f4,2022-09-16 00:00:00+00,Nottingham Forest,Fulham,2.0,3.0,41.0,11.0,3.0,,59.0,15.0,7.0,
fa91b8ba-4238-5369-baab-8daa49478982,2022-09-17 00:00:00+00,Newcastle,Bournemouth,1.0,1.0,72.0,20.0,7.0,,28.0,10.0,3.0,
3db3a7cb-21f4-51e4-ab9a-1627ea73bb43,2022-09-17 00:00:00+00,Tottenham,Leicester,6.0,2.0,44.0,16.0,11.0,,56.0,19.0,7.0,
4b3834f6-bee6-5855-9739-e223cf134dd8,2022-09-17 00:00:00+00,Wolves,Manchester City,0.0,3.0,41.0,6.0,1.0,,59.0,16.0,7.0,
d04e883f-408b-5936-b4bc-d71d9e39968b,2022-09-18 00:00:00+00,Brentford,Arsenal,0.0,3.0,36.0,5.0,2.0,,64.0,13.0,7.0,
061caff1-bc6c-5835-a50f-53475adc88fb,2022-09-18 00:00:00+00,Everton,West Ham,1.0,0.0,54.0,7.0,2.0,,46.0,14.0,4.0,
3a15e67e-f2f4-5ad2-84e2-520a0593424f,2022-10-01 00:00:00+00,Southampton,Everton,1.0,2.0,54.0,22.0,6.0,,46.0,12.0,5.0,
c4bb3bae-6428-5705-bc99-b6f07bfce7c8,2022-10-01 00:00:00+00,Bournemouth,Brentford,0.0,0.0,42.0,7.0,1.0,,58.0,13.0,4.0,
cfc6f5fa-3ea1-5bef-8a3f-cd76085f82f4,2022-10-01 00:00:00+00,Arsenal,Tottenham,3.0,1.0,65.0,22.0,9.0,,35.0,7.0,3.0,
b8f822ac-bdfd-59bb-8c8c-51ec7485ed2f,2022-10-01 00:00:00+00,Liverpool,Brighton,3.0,3.0,54.0,15.0,7.0,,46.0,6.0,6.0,
530ed50e-6781-532f-9fb0-51992c8f8000,2022-10-01 00:00:00+00,Fulham,Newcastle,1.0,4.0,32.0,3.0,1.0,,68.0,19.0,10.0,
bd177054-e7d4-578e-b77d-10d7ec405b33,2022-10-01 00:00:00+00,West Ham,Wolves,2.0,0.0,39.0,18.0,5.0,,61.0,15.0,4.0,
dfd7c757-6f48-56a3-b78d-99d138d9594e,2022-10-01 00:00:00+00,Crystal Palace,Chelsea,1.0,2.0,36.0,7.0,3.0,,64.0,13.0,3.0,
2fe422e3-7006-5324-b222-6762cde96d07,2022-10-02 00:00:00+00,Leeds,Aston Villa,0.0,0.0,44.0,6.0,1.0,,56.0,19.0,7.0,
2a64cf2d-d6ee-5a74-8552-492af273e2f2,2022-10-02 00:00:00+00,Manchester City,Manchester United,6.0,3.0,54.0,22.0,10.0,,46.0,12.0,8.0,
cef6482c-531f-50d9-b60c-08194480ec44,2022-10-03 00:00:00+00,Leicester,Nottingham Forest,4.0,0.0,52.0,17.0,7.0,,48.0,10.0,3.0,
5a8dfab5-bea1-5310-bb81-0ce4c4484740,2022-10-08 00:00:00+00,Bournemouth,Leicester,2.0,1.0,44.0,10.0,4.0,,56.0,9.0,5.0,
aed060fb-2281-5e2f-86f1-a8310f3fa3c0,2022-10-08 00:00:00+00,Manchester City,Southampton,4.0,0.0,65.0,21.0,8.0,,35.0,5.0,0.0,
10fd0058-295d-5653-89e5-51d096588e43,2022-10-08 00:00:00+00,Chelsea,Wolves,3.0,0.0,57.0,20.0,7.0,,43.0,8.0,2.0,
14fa7ede-8a41-5ddd-a9c5-6caf08ba33a6,2022-10-08 00:00:00+00,Newcastle,Brentford,5.0,1.0,54.0,16.0,6.0,,46.0,6.0,3.0,
45809f62-904a-5044-88d7-2c3093f5d705,2022-10-08 00:00:00+00,Brighton,Tottenham,0.0,1.0,59.0,14.0,4.0,,41.0,8.0,3.0,
92a754ad-a1b1-5ad8-a878-c1d7ea6c10c3,2022-10-09 00:00:00+00,West Ham,Fulham,3.0,1.0,50.0,17.0,8.0,,50.0,8.0,2.0,
f6188ca4-a5af-556e-bcc0-f8f2148671d2,2022-10-09 00:00:00+00,Arsenal,Liverpool,3.0,2.0,44.0,11.0,7.0,,56.0,8.0,3.0,
1e4aab1c-0df7-5b66-ae7c-7ed109f3ae7d,2022-10-09 00:00:00+00,Everton,Manchester United,1.0,2.0,40.0,11.0,2.0,,60.0,12.0,4.0,
8f07482e-6c87-5765-b886-4aef82ea211d,2022-10-09 00:00:00+00,Crystal Palace,Leeds,2.0,1.0,55.0,13.0,5.0,,45.0,10.0,4.0,
daa76de2-349d-5cea-845f-d06fd7cfb20b,2022-10-10 00:00:00+00,Nottingham Forest,Aston Villa,1.0,1.0,40.0,6.0,3.0,,60.0,12.0,2.0,
52958dec-7490-584b-aaee-bfa50fb5fa38,2022-10-14 00:00:00+00,Brentford,Brighton,2.0,0.0,28.0,7.0,3.0,,72.0,21.0,7.0,
a2df0e61-78f7-5b0c-b7fb-c51de48af6ed,2022-10-15 00:00:00+00,Wolves,Nottingham Forest,1.0,0.0,58.0,9.0,2.0,,42.0,10.0,2.0,
22871037-36aa-589d-926e-0d210f103bcf,2022-10-15 00:00:00+00,Leicester,Crystal Palace,0.0,0.0,53.0,14.0,5.0,,47.0,8.0,1.0,
ebc744c6-0001-5329-9d23-11c38b3c1906,2022-10-15 00:00:00+00,Tottenham,Everton,2.0,0.0,62.0,21.0,7.0,,38.0,4.0,0.0,
301c61dd-0d03-59cd-bcfb-a84fb240be66,2022-10-15 00:00:00+00,Fulham,Bournemouth,2.0,2.0,69.0,19.0,4.0,,31.0,10.0,6.0,
4f0cb554-33e7-5a01-b92d-4e763f6d224e,2022-10-16 00:00:00+00,Manchester United,Newcastle,0.0,0.0,63.0,15.0,2.0,,37.0,9.0,2.0,
d9cbe623-c078-51ce-bfe8-6e8679ded928,2022-10-16 00:00:00+00,Leeds,Arsenal,0.0,1.0,47.0,16.0,4.0,,53.0,9.0,4.0,
d3824d60-e3ce-52a1-ad57-61503c6968db,2022-10-16 00:00:00+00,Southampton,West Ham,1.0,1.0,39.0,10.0,8.0,,61.0,25.0,4.0,
71943f65-702b-5340-a00e-f97267cc4eb2,2022-10-16 00:00:00+00,Liverpool,Manchester City,1.0,0.0,37.0,13.0,2.0,,63.0,16.0,6.0,
8c3f79cf-f685-5cd5-ab6a-e4000d6a414e,2022-10-16 00:00:00+00,Aston Villa,Chelsea,0.0,2.0,41.0,18.0,7.0,,59.0,8.0,4.0,
d3549d6e-2fc2-55db-a1cf-560ecc70871d,2022-10-18 00:00:00+00,Crystal Palace,Wolves,2.0,1.0,51.0,14.0,4.0,,49.0,10.0,4.0,
a6f15f22-2a40-5033-aeaa-7507cbf1719e,2022-10-18 00:00:00+00,Brighton,Nottingham Forest,0.0,0.0,70.0,19.0,7.0,,30.0,3.0,0.0,
5ab7e04b-b470-53d8-98f6-a0f2914b0938,2022-10-19 00:00:00+00,Liverpool,West Ham,1.0,0.0,54.0,22.0,7.0,,46.0,8.0,3.0,
5c123da5-c1f4-5238-b8b4-30dd0f6de3f6,2022-10-19 00:00:00+00,Bournemouth,Southampton,0.0,1.0,54.0,15.0,3.0,,46.0,9.0,3.0,
ff765a21-eec4-5902-8302-18eb53a77d09,2022-10-19 00:00:00+00,Manchester United,Tottenham,2.0,0.0,52.0,28.0,10.0,,48.0,9.0,2.0,
5232c651-b863-5490-b601-a90983e68f82,2022-10-19 00:00:00+00,Brentford,Chelsea,0.0,0.0,34.0,8.0,5.0,,66.0,14.0,5.0,
948e650d-edf9-56c8-80bd-9b4b68aaaecf,2022-10-19 00:00:00+00,Newcastle,Everton,1.0,0.0,50.0,16.0,4.0,,50.0,1.0,0.0,
e59e78c1-b08f-5ed7-bb4e-1d295c3b00dd,2022-10-20 00:00:00+00,Leicester,Leeds,2.0,0.0,47.0,5.0,1.0,,53.0,14.0,2.0,
ea112973-b300-5884-9cec-a155da4ae364,2022-10-20 00:00:00+00,Fulham,Aston Villa,3.0,0.0,60.0,18.0,8.0,,40.0,12.0,6.0,
238ef2fb-34a5-5923-b79b-d3fa96d02702,2022-10-22 00:00:00+00,Nottingham Forest,Liverpool,1.0,0.0,25.0,10.0,7.0,,75.0,15.0,7.0,
dbe748f7-0319-5a00-b8be-66bb95c96924,2022-10-22 00:00:00+00,Manchester City,Brighton,3.0,1.0,48.0,10.0,4.0,,52.0,8.0,2.0,
3171051a-dcc0-59e0-8f39-ea527d998902,2022-10-22 00:00:00+00,Everton,Crystal Palace,3.0,0.0,46.0,9.0,6.0,,54.0,9.0,2.0,
8c0e9c58-823b-5965-b56a-79b4eec7c3f6,2022-10-22 00:00:00+00,Chelsea,Manchester United,1.0,1.0,48.0,6.0,2.0,,52.0,13.0,6.0,
6417b3dc-21a0-5d79-a5b2-8b2c74d5d282,2022-10-23 00:00:00+00,Southampton,Arsenal,1.0,1.0,41.0,10.0,3.0,,59.0,12.0,3.0,
4f1c41b9-db19-5773-8f2a-893dcb96ba41,2022-10-23 00:00:00+00,Leeds,Fulham,2.0,3.0,57.0,14.0,5.0,,43.0,11.0,5.0,
a377eb13-2260-5dfb-a7ad-882ac6380907,2022-10-23 00:00:00+00,Wolves,Leicester,0.0,4.0,61.0,21.0,6.0,,39.0,5.0,4.0,
02b9a997-40d7-5cda-86a3-272bbab385b2,2022-10-23 00:00:00+00,Aston Villa,Brentford,4.0,0.0,45.0,19.0,11.0,,55.0,12.0,3.0,
3564070f-58db-5e57-871c-ef94a637ae97,2022-10-23 00:00:00+00,Tottenham,Newcastle,1.0,2.0,52.0,17.0,5.0,,48.0,13.0,5.0,
b66a759f-4cf2-5ce8-beac-cba44c9449d9,2022-10-24 00:00:00+00,West Ham,Bournemouth,2.0,0.0,54.0,20.0,4.0,,46.0,5.0,3.0,
e4428180-8808-5ed8-a1ec-f24fecf7f6f5,2022-10-29 00:00:00+00,Bournemouth,Tottenham,2.0,3.0,31.0,6.0,4.0,,69.0,23.0,7.0,
eafb0583-b2f3-57e3-9b84-432302544108,2022-10-29 00:00:00+00,Fulham,Everton,0.0,0.0,57.0,24.0,6.0,,43.0,9.0,4.0,
2237788f-9ba3-58fc-a3f0-6bffb52b101d,2022-10-29 00:00:00+00,Newcastle,Aston Villa,4.0,0.0,60.0,20.0,7.0,,40.0,3.0,0.0,
63229fe1-ef3f-5d4c-bbaf-ca3368481336,2022-10-29 00:00:00+00,Brighton,Chelsea,4.0,1.0,41.0,19.0,9.0,,59.0,15.0,7.0,
d60c87c4-df98-50d1-9b1f-a9808c355f92,2022-10-29 00:00:00+00,Liverpool,Leeds,1.0,2.0,69.0,22.0,10.0,,31.0,14.0,6.0,
87c31a9b-6086-5d52-a8c0-6a0dcaf130f3,2022-10-29 00:00:00+00,Brentford,Wolves,1.0,1.0,58.0,12.0,3.0,,42.0,13.0,4.0,
e5849584-cc6c-56b4-900f-7a1821d936ed,2022-10-29 00:00:00+00,Leicester,Manchester City,0.0,1.0,36.0,10.0,5.0,,64.0,15.0,5.0,
7c22ea04-bf83-5c4c-8341-90207abaa89e,2022-10-29 00:00:00+00,Crystal Palace,Southampton,1.0,0.0,44.0,12.0,3.0,,56.0,14.0,4.0,
37504ca3-123e-5286-bf6d-2882d4bb2cec,2022-10-30 00:00:00+00,Manchester United,West Ham,1.0,0.0,53.0,16.0,3.0,,47.0,13.0,5.0,
9b384e9c-91cd-5928-89dd-196c702e8ce2,2022-10-30 00:00:00+00,Arsenal,Nottingham Forest,5.0,0.0,69.0,24.0,10.0,,31.0,5.0,2.0,
d3c5010f-32f7-5031-86b2-06d5da627b01,2022-11-05 00:00:00+00,Everton,Leicester,0.0,2.0,48.0,12.0,2.0,,52.0,22.0,8.0,
d4f28f7b-e82b-5bd8-81b5-7d2909a8c00c,2022-11-05 00:00:00+00,Nottingham Forest,Brentford,2.0,2.0,47.0,15.0,7.0,,53.0,6.0,2.0,
f194ff71-270a-50f1-8dbf-1044311f252e,2022-11-05 00:00:00+00,Manchester City,Fulham,2.0,1.0,71.0,16.0,5.0,,29.0,4.0,2.0,
118758d5-9af8-5fea-a413-5329e4f5d5dd,2022-11-05 00:00:00+00,Leeds,Bournemouth,4.0,3.0,61.0,18.0,4.0,,39.0,9.0,6.0,
0374d5cf-2c44-5968-bae9-0b6d94d0a3f1,2022-11-05 00:00:00+00,Wolves,Brighton,2.0,3.0,29.0,8.0,5.0,,71.0,19.0,8.0,
b0f7b143-c69b-5045-b460-10c253ca66e0,2022-11-06 00:00:00+00,Chelsea,Arsenal,0.0,1.0,44.0,5.0,1.0,,56.0,14.0,2.0,
4761823c-3752-5e21-b408-f55cbe4d5d22,2022-11-06 00:00:00+00,Tottenham,Liverpool,1.0,2.0,47.0,14.0,5.0,,53.0,13.0,6.0,
c356ddb5-a85f-5fb4-914a-a8a826a9ad0f,2022-11-06 00:00:00+00,Aston Villa,Manchester United,3.0,1.0,42.0,6.0,4.0,,58.0,8.0,3.0,
6c44dce3-a28e-5f1e-ad71-e4371148a93d,2022-11-06 00:00:00+00,West Ham,Crystal Palace,1.0,2.0,42.0,5.0,2.0,,58.0,15.0,6.0,
943ba9ca-9955-5651-a437-918bdd19ec54,2022-11-06 00:00:00+00,Southampton,Newcastle,1.0,4.0,55.0,16.0,5.0,,45.0,7.0,4.0,
0cc51057-ed39-5467-82c2-ce0cea8faff5,2022-11-12 00:00:00+00,Tottenham,Leeds,4.0,3.0,55.0,14.0,8.0,,45.0,12.0,5.0,
fca6fd54-9f79-5671-b0d2-93ab762f3199,2022-11-12 00:00:00+00,West Ham,Leicester,0.0,2.0,54.0,18.0,6.0,,46.0,9.0,6.0,
09037f98-43e4-5c7d-93f3-9372b2b15b18,2022-11-12 00:00:00+00,Manchester City,Brentford,1.0,2.0,75.0,29.0,6.0,,25.0,10.0,8.0,
ccf6b77f-ce13-54a1-8f19-95a4cdd2701f,2022-11-12 00:00:00+00,Newcastle,Chelsea,1.0,0.0,49.0,10.0,3.0,,51.0,5.0,2.0,
55162fca-b6e1-5476-ac3b-e7321e2557b5,2022-11-12 00:00:00+00,Liverpool,Southampton,3.0,1.0,60.0,15.0,7.0,,40.0,9.0,5.0,
9eb02991-7833-5857-982f-e371c0876d73,2022-11-12 00:00:00+00,Bournemouth,Everton,3.0,0.0,36.0,16.0,9.0,,64.0,15.0,3.0,
c33c5958-0074-5da4-b52a-7fe48edb8c93,2022-11-12 00:00:00+00,Wolves,Arsenal,0.0,2.0,37.0,11.0,2.0,,63.0,14.0,4.0,
57d4a346-e1f8-597a-832b-b0f54d2a7cc6,2022-11-12 00:00:00+00,Nottingham Forest,Crystal Palace,1.0,0.0,32.0,9.0,2.0,,68.0,8.0,0.0,
7d113c61-0ab5-57a0-99ad-f0669950fa39,2022-11-13 00:00:00+00,Brighton,Aston Villa,1.0,2.0,65.0,7.0,2.0,,35.0,8.0,2.0,
04a8bd68-f622-519d-a0bf-c7fd3768f489,2022-11-13 00:00:00+00,Fulham,Manchester United,1.0,2.0,53.0,14.0,7.0,,47.0,14.0,9.0,
41da33bc-441f-5b9b-8033-8e64e9ec9f60,2022-12-26 00:00:00+00,Southampton,Brighton,1.0,3.0,34.0,14.0,4.0,,66.0,7.0,4.0,
c43f4295-6bac-55ff-bb36-173b74d12d08,2022-12-26 00:00:00+00,Arsenal,West Ham,3.0,1.0,67.0,16.0,5.0,,33.0,8.0,4.0,
320c8f13-7867-5fd5-b9e9-e108210df3d4,2022-12-26 00:00:00+00,Aston Villa,Liverpool,1.0,3.0,48.0,12.0,6.0,,52.0,16.0,9.0,
5486d42c-ebb4-5315-aea4-3fd916afb4bb,2022-12-26 00:00:00+00,Brentford,Tottenham,2.0,2.0,39.0,9.0,5.0,,61.0,15.0,8.0,
18e1d547-5d61-5b2d-a9f2-144cf25bb256,2022-12-26 00:00:00+00,Crystal Palace,Fulham,0.0,3.0,36.0,4.0,0.0,,64.0,23.0,11.0,
7ea8180b-aade-58b6-8ccb-53a3f0b7ed2f,2022-12-26 00:00:00+00,Leicester,Newcastle,0.0,3.0,60.0,8.0,2.0,,40.0,12.0,5.0,
4d710c34-0b4f-5561-93da-e15e1cbe43ae,2022-12-26 00:00:00+00,Everton,Wolves,1.0,2.0,58.0,12.0,6.0,,42.0,7.0,4.0,
853b3d30-9b4e-57c7-bf78-fb042066e063,2022-12-27 00:00:00+00,Chelsea,Bournemouth,2.0,0.0,60.0,15.0,5.0,,40.0,9.0,4.0,
fe307aaf-86a1-56b7-bfd9-17d5f93e3042,2022-12-27 00:00:00+00,Manchester United,Nottingham Forest,3.0,0.0,66.0,17.0,8.0,,34.0,8.0,3.0,
380170cd-e129-5506-ad1a-6f3e4cc3e8e1,2022-12-28 00:00:00+00,Leeds,Manchester City,1.0,3.0,31.0,9.0,1.0,,69.0,26.0,9.0,
d4ff3c1e-d9c2-5644-b354-2b40c0f23846,2022-12-30 00:00:00+00,Liverpool,Leicester,2.0,1.0,57.0,21.0,5.0,,43.0,7.0,2.0,
461ace56-40ef-542d-ab99-5094a2ef9de9,2022-12-30 00:00:00+00,West Ham,Brentford,0.0,2.0,63.0,20.0,5.0,,37.0,9.0,6.0,
8d3621c8-436c-5a12-abd6-29030522562d,2022-12-31 00:00:00+00,Wolves,Manchester United,0.0,1.0,46.0,10.0,3.0,,54.0,16.0,6.0,
0b9109ef-d4a0-5392-9a83-303524133d50,2022-12-31 00:00:00+00,Bournemouth,Crystal Palace,0.0,2.0,59.0,6.0,2.0,,41.0,15.0,6.0,
a4765933-a1d9-5767-af52-e08f5cd7ec3a,2022-12-31 00:00:00+00,Fulham,Southampton,2.0,1.0,63.0,8.0,2.0,,37.0,9.0,3.0,
b8d123e9-3eed-5a6b-9f27-d29618c88524,2022-12-31 00:00:00+00,Manchester City,Everton,1.0,1.0,74.0,16.0,3.0,,26.0,2.0,1.0,
4809979f-1ec9-5292-80db-438116ba5237,2022-12-31 00:00:00+00,Brighton,Arsenal,2.0,4.0,68.0,9.0,5.0,,32.0,14.0,7.0,
e1374472-630a-5ea2-9d9c-5a50dfb93187,2022-12-31 00:00:00+00,Newcastle,Leeds,0.0,0.0,59.0,16.0,5.0,,41.0,8.0,1.0,
9f30b642-70ae-5bc0-b3eb-671d21855ae8,2023-01-01 00:00:00+00,Nottingham Forest,Chelsea,1.0,1.0,28.0,12.0,5.0,,72.0,7.0,2.0,
e1e77539-4729-58ac-a3b0-b601face8ced,2023-01-01 00:00:00+00,Tottenham,Aston Villa,0.0,2.0,59.0,6.0,2.0,,41.0,13.0,4.0,
a1dda2d3-6dac-59bd-9293-c59d6f615e1e,2023-01-02 00:00:00+00,Brentford,Liverpool,3.0,1.0,27.0,10.0,7.0,,73.0,16.0,6.0,
80d35979-747e-5d12-81f4-4ba90c7ab0bd,2023-01-03 00:00:00+00,Manchester United,Bournemouth,3.0,0.0,59.0,18.0,6.0,,41.0,7.0,4.0,
a7c9f955-f635-5bd2-9b55-dad510931449,2023-01-03 00:00:00+00,Leicester,Fulham,0.0,1.0,61.0,15.0,6.0,,39.0,11.0,2.0,
b241a0ce-e526-51c1-9d89-898c25b4ef45,2023-01-03 00:00:00+00,Arsenal,Newcastle,0.0,0.0,67.0,17.0,4.0,,33.0,8.0,1.0,
b38d2cb5-f9a6-5e78-b8fe-e6b8ec7b4b9f,2023-01-03 00:00:00+00,Everton,Brighton,1.0,4.0,49.0,10.0,4.0,,51.0,19.0,8.0,
02795649-edfe-573d-993d-9df898563000,2023-01-04 00:00:00+00,Aston Villa,Wolves,1.0,1.0,56.0,13.0,4.0,,44.0,10.0,3.0,
c2476396-47ec-5c9f-a69e-35258804dbd1,2023-01-04 00:00:00+00,Crystal Palace,Tottenham,0.0,4.0,47.0,19.0,4.0,,53.0,14.0,6.0,
b93224bf-31be-5fef-b656-1d2d0457571d,2023-01-04 00:00:00+00,Leeds,West Ham,2.0,2.0,63.0,14.0,6.0,,37.0,15.0,2.0,
81b18231-6397-50d4-93d7-00f29d997878,2023-01-04 00:00:00+00,Southampton,Nottingham Forest,0.0,1.0,63.0,8.0,0.0,,37.0,11.0,1.0,
4e180432-04e4-5c1d-8b5b-b2cb91f3c4a8,2023-01-05 00:00:00+00,Chelsea,Manchester City,0.0,1.0,48.0,8.0,2.0,,52.0,12.0,3.0,
9716cda5-71d4-530c-8745-978ddc9bf07c,2023-01-12 00:00:00+00,Fulham,Chelsea,2.0,1.0,48.0,8.0,3.0,,52.0,20.0,10.0,
ba0bcfc9-4fc9-5836-8146-3ddac7b6687b,2023-01-13 00:00:00+00,Aston Villa,Leeds,2.0,1.0,54.0,11.0,5.0,,46.0,16.0,4.0,
76c7ad8d-5d3c-5b96-aefa-e5b11d7c44d9,2023-01-14 00:00:00+00,Nottingham Forest,Leicester,2.0,0.0,39.0,15.0,5.0,,61.0,6.0,1.0,
5d73a793-f55c-5f92-8020-3527b4b7c45f,2023-01-14 00:00:00+00,Everton,Southampton,1.0,2.0,52.0,12.0,4.0,,48.0,13.0,5.0,
3dd9a35f-c944-5799-a1d7-8cbe04adcc6a,2023-01-14 00:00:00+00,Manchester United,Manchester City,2.0,1.0,29.0,8.0,4.0,,71.0,5.0,1.0,
e7739332-b067-5a06-a0c3-aeb1233a14b8,2023-01-14 00:00:00+00,Brentford,Bournemouth,2.0,0.0,50.0,12.0,4.0,,50.0,7.0,2.0,
961c88b3-33ef-5594-9496-f387934bec4f,2023-01-14 00:00:00+00,Wolves,West Ham,1.0,0.0,59.0,17.0,4.0,,41.0,16.0,4.0,
82807c99-af91-51da-89e6-31de2e36ad1c,2023-01-14 00:00:00+00,Brighton,Liverpool,3.0,0.0,61.0,16.0,9.0,,39.0,6.0,2.0,
4155627d-eb63-593c-ad1d-8978486e535b,2023-01-15 00:00:00+00,Newcastle,Fulham,1.0,0.0,62.0,20.0,5.0,,38.0,5.0,0.0,
44a1b24b-da30-5f95-bdf1-3239c8b5420b,2023-01-15 00:00:00+00,Chelsea,Crystal Palace,1.0,0.0,63.0,15.0,5.0,,37.0,10.0,5.0,
06ddc55b-85ed-5fbc-8c01-2aec808c4252,2023-01-15 00:00:00+00,Tottenham,Arsenal,0.0,2.0,51.0,17.0,7.0,,49.0,14.0,5.0,
93e67d06-78b1-5b11-943d-03153b099ada,2023-01-18 00:00:00+00,Crystal Palace,Manchester United,1.0,1.0,39.0,10.0,5.0,0.53,61.0,15.0,4.0,2.08
fd9b0e92-48af-5a97-bdb5-392729c99978,2023-01-19 00:00:00+00,Manchester City,Tottenham,4.0,2.0,58.0,16.0,6.0,2.37,42.0,9.0,3.0,0.81
4db27c21-5d28-5d99-8892-3bc674f4abfb,2023-01-21 00:00:00+00,Leicester,Brighton,2.0,2.0,37.0,9.0,2.0,0.99,63.0,13.0,4.0,2.14
710d712b-4c69-567e-847e-c0469d0f6c85,2023-01-21 00:00:00+00,Bournemouth,Nottingham Forest,1.0,1.0,42.0,16.0,4.0,1.42,58.0,20.0,5.0,1.93
37177085-6d30-5cbf-9732-0ca75ad7515f,2023-01-21 00:00:00+00,West Ham,Everton,2.0,0.0,32.0,11.0,4.0,2.27,68.0,5.0,2.0,0.55
58429e22-83f8-5fb9-b088-bad5efede6be,2023-01-21 00:00:00+00,Southampton,Aston Villa,0.0,1.0,37.0,8.0,5.0,0.58,63.0,16.0,5.0,1.37
45b7dbf4-f144-5a89-99d8-d6fba996c902,2023-01-21 00:00:00+00,Liverpool,Chelsea,0.0,0.0,48.0,15.0,3.0,1.4,52.0,11.0,2.0,1.65
d4368730-4afb-5c7d-841b-3f7759fc2781,2023-01-21 00:00:00+00,Crystal Palace,Newcastle,0.0,0.0,39.0,6.0,1.0,0.3,61.0,16.0,7.0,1.25
4b90c3c2-fd48-56db-b8b4-ef47a9016a46,2023-01-22 00:00:00+00,Arsenal,Manchester United,3.0,2.0,57.0,25.0,5.0,3.25,43.0,6.0,4.0,0.36
d9bce60e-c972-5ef1-b8bb-3089b8ca9481,2023-01-22 00:00:00+00,Leeds,Brentford,0.0,0.0,59.0,9.0,5.0,0.49,41.0,6.0,0.0,0.4
97e32599-75e8-5d89-a0dd-19f6c4c88a66,2023-01-22 00:00:00+00,Manchester City,Wolves,3.0,0.0,55.0,13.0,7.0,2.78,45.0,10.0,1.0,0.79
bfc373dd-0642-56f5-a56a-f6a57016f0d8,2023-01-23 00:00:00+00,Fulham,Tottenham,0.0,1.0,53.0,10.0,5.0,0.99,47.0,10.0,3.0,0.92
4e7b02c2-690d-5a89-9a94-52d1aebd1e6e,2023-02-03 00:00:00+00,Chelsea,Fulham,0.0,0.0,67.0,12.0,3.0,1.33,33.0,10.0,4.0,0.65
fd7fe66f-3e20-5065-bde7-cbb63a1071d0,2023-02-04 00:00:00+00,Brentford,Southampton,3.0,0.0,48.0,14.0,4.0,2.15,52.0,14.0,6.0,0.66
23b61261-6531-57b1-a042-6cbc45b65ed9,2023-02-04 00:00:00+00,Brighton,Bournemouth,1.0,0.0,72.0,20.0,6.0,2.5,28.0,12.0,2.0,1.18
c3cbcd5b-dd73-55b6-bcfc-ad4d747cd8b2,2023-02-04 00:00:00+00,Everton,Arsenal,1.0,0.0,30.0,12.0,4.0,1.67,70.0,15.0,3.0,0.91
51c6a9f2-dbba-58ee-86b3-5e8a8ab16810,2023-02-04 00:00:00+00,Aston Villa,Leicester,2.0,4.0,63.0,19.0,4.0,1.71,37.0,9.0,5.0,2.57
2424f592-b9c7-583d-820f-976f492804b9,2023-02-04 00:00:00+00,Manchester United,Crystal Palace,2.0,1.0,53.0,14.0,5.0,2.04,47.0,10.0,3.0,1.36
b3b2890b-e45f-5cb8-810f-3cf37687cc88,2023-02-04 00:00:00+00,Newcastle,West Ham,1.0,1.0,63.0,8.0,2.0,1.01,37.0,10.0,1.0,1.01
02c5f7b6-9b40-5bca-9b74-bb30e2c67c7f,2023-02-04 00:00:00+00,Wolves,Liverpool,3.0,0.0,42.0,12.0,6.0,2.03,58.0,22.0,4.0,1.96
35f7e421-e1ec-5a51-8481-d76adab81df9,2023-02-05 00:00:00+00,Tottenham,Manchester City,1.0,0.0,35.0,12.0,3.0,1.46,65.0,15.0,5.0,1.32
af97923e-3698-55f7-8eda-ba8aa072ab1d,2023-02-05 00:00:00+00,Nottingham Forest,Leeds,1.0,0.0,30.0,6.0,2.0,0.39,70.0,10.0,4.0,0.89
78474929-82f7-5e31-9f0f-84a10f9f1791,2023-02-08 00:00:00+00,Manchester United,Leeds,2.0,2.0,66.0,24.0,7.0,2.04,34.0,8.0,2.0,0.63
adbb5b81-9ff4-5fa9-a38b-f7a81464616a,2023-02-11 00:00:00+00,Fulham,Nottingham Forest,2.0,0.0,50.0,16.0,3.0,1.56,50.0,10.0,1.0,0.66
9b5f573a-77e7-5b71-90db-def29ebf1faa,2023-02-11 00:00:00+00,Bournemouth,Newcastle,1.0,1.0,33.0,11.0,5.0,1.56,67.0,15.0,7.0,1.32
34146a38-1a6c-52b3-9046-8e0c01405411,2023-02-11 00:00:00+00,West Ham,Chelsea,1.0,1.0,28.0,10.0,2.0,1.29,72.0,12.0,4.0,1.15
a7cbb6b6-6a44-5ec7-9eb6-14db9b768e21,2023-02-11 00:00:00+00,Southampton,Wolves,1.0,2.0,41.0,17.0,2.0,1.16,59.0,11.0,2.0,0.83
4d78d643-eb78-512b-9d60-6f647b7d899f,2023-02-11 00:00:00+00,Leicester,Tottenham,4.0,1.0,49.0,15.0,7.0,1.68,51.0,11.0,4.0,1.36
f8acc5e7-8a87-5c99-946b-4cb16aa19509,2023-02-11 00:00:00+00,Crystal Palace,Brighton,1.0,1.0,26.0,6.0,1.0,1.08,74.0,17.0,7.0,2.5
32734209-f11a-589e-987e-fb76167b405b,2023-02-11 00:00:00+00,Arsenal,Brentford,1.0,1.0,69.0,23.0,7.0,1.55,31.0,9.0,2.0,2.01
a6f204d5-ccfa-5ee4-bb51-1bc2b464e63e,2023-02-12 00:00:00+00,Manchester City,Aston Villa,3.0,1.0,67.0,17.0,9.0,3.36,33.0,6.0,2.0,0.27
cb18fde3-8b1e-5be1-bb11-fff86d28ab56,2023-02-12 00:00:00+00,Leeds,Manchester United,0.0,2.0,33.0,16.0,6.0,1.81,67.0,11.0,5.0,1.12
0ec178d6-555a-53cb-822c-61b56b8ba04c,2023-02-13 00:00:00+00,Liverpool,Everton,2.0,0.0,59.0,15.0,6.0,2.33,41.0,6.0,1.0,0.36
9c95d926-d298-5d6d-b624-84eff8b28a52,2023-02-15 00:00:00+00,Arsenal,Manchester City,1.0,3.0,64.0,10.0,1.0,1.64,36.0,9.0,6.0,1.8
fb448132-c82a-5f22-8216-6a397b82a161,2023-02-18 00:00:00+00,Aston Villa,Arsenal,2.0,4.0,33.0,7.0,5.0,0.51,67.0,20.0,5.0,3.28
1e4a0cda-b42a-57cb-8c42-85054a306fc4,2023-02-18 00:00:00+00,Brentford,Crystal Palace,1.0,1.0,59.0,12.0,5.0,0.89,41.0,10.0,4.0,1.09
39714d10-1b45-5f55-860a-8fe1ee808b56,2023-02-18 00:00:00+00,Newcastle,Liverpool,0.0,2.0,37.0,14.0,4.0,2.04,63.0,13.0,7.0,1.87
7b013253-f07e-5274-9696-17c540225a9a,2023-02-18 00:00:00+00,Wolves,Bournemouth,0.0,1.0,69.0,15.0,4.0,1.29,31.0,5.0,1.0,1.07
0a1bd93f-4de7-5bec-80a9-1f081802dd2e,2023-02-18 00:00:00+00,Everton,Leeds,1.0,0.0,50.0,15.0,6.0,1.47,50.0,8.0,0.0,0.54
c17e7e9e-2ca7-5369-a184-25296d6812b8,2023-02-18 00:00:00+00,Brighton,Fulham,0.0,1.0,65.0,21.0,7.0,2.22,35.0,5.0,2.0,0.34
f4c38544-332b-550a-8cd5-ac7a9a520631,2023-02-18 00:00:00+00,Nottingham Forest,Manchester City,1.0,1.0,27.0,4.0,1.0,0.95,73.0,23.0,6.0,2.4
7671cecf-383a-5f7a-aef3-bbaf818c0fef,2023-02-18 00:00:00+00,Chelsea,Southampton,0.0,1.0,61.0,17.0,5.0,1.62,39.0,8.0,5.0,0.6
19c5e49a-6d96-51dd-ab7a-f28a09c02452,2023-02-19 00:00:00+00,Tottenham,West Ham,2.0,0.0,57.0,16.0,6.0,1.55,43.0,6.0,1.0,0.48
ced70860-f1de-5000-ae26-3516f419a9ac,2023-02-19 00:00:00+00,Manchester United,Leicester,3.0,0.0,57.0,26.0,8.0,4.47,43.0,19.0,3.0,1.63
1f936296-7c3e-524b-bd49-d9399e2e9a53,2023-02-24 00:00:00+00,Fulham,Wolves,1.0,1.0,51.0,10.0,5.0,0.46,49.0,8.0,2.0,0.78
e92ecd29-7c4b-539b-bb18-b2eba931e711,2023-02-25 00:00:00+00,Bournemouth,Manchester City,1.0,4.0,34.0,13.0,2.0,1.32,66.0,20.0,5.0,2.52
1f8e2495-4a94-5a68-956b-ff4cd09ac06f,2023-02-25 00:00:00+00,West Ham,Nottingham Forest,4.0,0.0,49.0,18.0,5.0,2.73,51.0,8.0,3.0,0.42
11292c85-d7dd-5e40-b3a8-0043abbbf497,2023-02-25 00:00:00+00,Leeds,Southampton,1.0,0.0,61.0,14.0,4.0,0.91,39.0,8.0,2.0,0.38
b04ed43b-1a69-53f3-bdaf-9182c8266fd7,2023-02-25 00:00:00+00,Everton,Aston Villa,0.0,2.0,47.0,15.0,5.0,1.71,53.0,9.0,5.0,1.94
ef7376a5-159a-5053-a192-34bdf3c83c34,2023-02-25 00:00:00+00,Leicester,Arsenal,0.0,1.0,34.0,1.0,0.0,0.02,66.0,10.0,2.0,0.66
b4c26445-1762-5e30-a99b-b06fb19c0d09,2023-02-25 00:00:00+00,Crystal Palace,Liverpool,0.0,0.0,36.0,6.0,0.0,0.7,64.0,12.0,4.0,0.9
cce96396-264a-5515-9468-c5d1f78352d6,2023-02-26 00:00:00+00,Tottenham,Chelsea,2.0,0.0,41.0,8.0,3.0,0.8,59.0,10.0,2.0,0.42
4a14c697-f102-533b-98e1-e742e058914a,2023-03-01 00:00:00+00,Liverpool,Wolves,2.0,0.0,57.0,15.0,6.0,2.61,43.0,4.0,1.0,0.92
b2f31132-4291-510d-a421-8ae96e27c7b7,2023-03-01 00:00:00+00,Arsenal,Everton,4.0,0.0,73.0,15.0,5.0,2.65,27.0,8.0,5.0,1.17
2843f81c-91fd-5572-a5fd-ad39d187c238,2023-03-04 00:00:00+00,Chelsea,Leeds,1.0,0.0,57.0,13.0,3.0,1.46,43.0,11.0,2.0,1.05
54a748f7-f7c4-54bb-9597-55b5426c5b23,2023-03-04 00:00:00+00,Wolves,Tottenham,1.0,0.0,47.0,8.0,5.0,0.52,53.0,21.0,6.0,1.2
a3cf86b6-c1dc-55ff-9f63-2c5a3286a673,2023-03-04 00:00:00+00,Aston Villa,Crystal Palace,1.0,0.0,58.0,8.0,1.0,1.2,42.0,3.0,0.0,0.17
b84ca0bd-2e15-5446-b0cf-c6d05092dd4c,2023-03-04 00:00:00+00,Southampton,Leicester,1.0,0.0,35.0,11.0,5.0,1.38,65.0,11.0,0.0,1.93
e0994feb-fcdf-5cab-9c37-35ff683444cf,2023-03-04 00:00:00+00,Manchester City,Newcastle,2.0,0.0,56.0,11.0,3.0,1.34,44.0,5.0,2.0,0.43
2e9e4ab7-77d2-599c-8b24-be1d4ccde568,2023-03-04 00:00:00+00,Arsenal,Bournemouth,3.0,2.0,80.0,31.0,9.0,2.17,20.0,4.0,4.0,1.33
9f16f603-86a1-5b6d-ac41-43ccb96fafc9,2023-03-04 00:00:00+00,Brighton,West Ham,4.0,0.0,66.0,20.0,9.0,3.7,34.0,3.0,2.0,0.33
e3fa8e0d-7022-52dc-aa9d-6634200eecb3,2023-03-05 00:00:00+00,Liverpool,Manchester United,7.0,0.0,60.0,18.0,8.0,2.78,40.0,8.0,4.0,0.82
a5570607-8bdd-5263-befd-785eafca117f,2023-03-05 00:00:00+00,Nottingham Forest,Everton,2.0,2.0,57.0,10.0,4.0,0.84,43.0,10.0,3.0,1.7
ed0bb8a5-276e-5ab1-8ea9-410dfbd528b3,2023-03-06 00:00:00+00,Brentford,Fulham,3.0,2.0,36.0,14.0,6.0,2.2,64.0,9.0,5.0,1.52
3e03f56a-fcba-522c-a03b-ace07f063260,2023-03-11 00:00:00+00,Leicester,Chelsea,1.0,3.0,48.0,17.0,7.0,2.52,52.0,12.0,6.0,1.57
95791e4f-58b3-56d8-9aa6-7e80f786b309,2023-03-11 00:00:00+00,Tottenham,Nottingham Forest,3.0,1.0,55.0,15.0,7.0,2.0,45.0,9.0,5.0,1.54
7455dad1-4efb-5f5e-80d0-c787549bff23,2023-03-11 00:00:00+00,Leeds,Brighton,2.0,2.0,38.0,12.0,4.0,1.66,62.0,14.0,2.0,1.89
af6479a5-f6eb-50ef-9687-4a985762e2f4,2023-03-11 00:00:00+00,Crystal Palace,Manchester City,0.0,1.0,32.0,4.0,0.0,0.21,68.0,14.0,4.0,2.08
454bd51c-d6fd-5e98-9559-56682f8e7cf2,2023-03-11 00:00:00+00,Everton,Brentford,1.0,0.0,33.0,13.0,6.0,1.03,67.0,12.0,4.0,2.1
97389498-9593-545b-b17f-dfddeda15545,2023-03-11 00:00:00+00,Bournemouth,Liverpool,1.0,0.0,31.0,5.0,2.0,0.86,69.0,15.0,6.0,1.75
e003bace-3b55-5750-9e2f-c3cdeda8b2e5,2023-03-12 00:00:00+00,Newcastle,Wolves,2.0,1.0,42.0,19.0,8.0,1.81,58.0,7.0,4.0,1.11
b92ee889-a7b9-57ff-b553-f51ab3aa226b,2023-03-12 00:00:00+00,Manchester United,Southampton,0.0,0.0,47.0,10.0,4.0,0.86,53.0,17.0,4.0,1.11
f83bc024-b5c0-54fc-af13-6a870621c69b,2023-03-12 00:00:00+00,Fulham,Arsenal,0.0,3.0,45.0,12.0,2.0,0.85,55.0,15.0,7.0,2.38
6389a347-d2cf-5aef-8ffd-0d64cac1aa9f,2023-03-12 00:00:00+00,West Ham,Aston Villa,1.0,1.0,41.0,17.0,6.0,2.22,59.0,12.0,4.0,1.58
9f267f02-c6f9-5177-9cc6-9a8115643174,2023-03-15 00:00:00+00,Southampton,Brentford,0.0,2.0,66.0,7.0,1.0,0.52,34.0,11.0,5.0,1.88
ffacbc96-8cab-5617-957b-3badd0f34fe7,2023-03-15 00:00:00+00,Brighton,Crystal Palace,1.0,0.0,57.0,11.0,5.0,0.6,43.0,11.0,3.0,1.2
15f9b71a-9988-564b-981d-e5108c48e9a7,2023-03-17 00:00:00+00,Nottingham Forest,Newcastle,1.0,2.0,38.0,5.0,3.0,0.37,62.0,15.0,4.0,2.48
842da497-080f-5854-ab29-c5466378d308,2023-03-18 00:00:00+00,Wolves,Leeds,2.0,4.0,66.0,23.0,8.0,2.78,34.0,11.0,4.0,1.62
307db911-ca92-5c3e-ad70-cf97640ca101,2023-03-18 00:00:00+00,Chelsea,Everton,2.0,2.0,69.0,20.0,7.0,2.37,31.0,12.0,3.0,1.27
e3af9539-a179-5121-b68e-7a2206b7984c,2023-03-18 00:00:00+00,Aston Villa,Bournemouth,3.0,0.0,56.0,20.0,9.0,3.66,44.0,10.0,3.0,1.36
c61e3982-c8ec-53f7-8d3b-a427557261e4,2023-03-18 00:00:00+00,Brentford,Leicester,1.0,1.0,53.0,11.0,2.0,0.64,47.0,14.0,1.0,1.35
a2a38ce6-8891-52bc-83c7-af9e53654851,2023-03-18 00:00:00+00,Southampton,Tottenham,3.0,3.0,50.0,19.0,7.0,2.51,50.0,17.0,3.0,2.27
67492a5f-e5d0-58c5-b195-93ff6e111d95,2023-03-19 00:00:00+00,Arsenal,Crystal Palace,4.0,1.0,62.0,15.0,5.0,1.57,38.0,9.0,5.0,0.78
3c040f46-f305-5034-8830-60924c187c27,2023-04-01 00:00:00+00,Nottingham Forest,Wolves,1.0,1.0,28.0,17.0,7.0,1.32,72.0,8.0,1.0,0.49
d4c25e02-06b2-5035-afdc-7fdccf2c5bc8,2023-04-01 00:00:00+00,Bournemouth,Fulham,2.0,1.0,43.0,12.0,7.0,2.65,57.0,10.0,2.0,0.84
72826b3b-6997-5dce-badc-bcc3b1bafc28,2023-04-01 00:00:00+00,Manchester City,Liverpool,4.0,1.0,68.0,17.0,8.0,2.96,32.0,4.0,1.0,0.33
e721dbcf-fae7-5222-b92e-dc9719517d2f,2023-04-01 00:00:00+00,Crystal Palace,Leicester,2.0,1.0,51.0,31.0,9.0,2.42,49.0,3.0,2.0,0.22
cb73b53f-5801-5094-a3b9-705aebd54f25,2023-04-01 00:00:00+00,Chelsea,Aston Villa,0.0,2.0,69.0,27.0,8.0,2.16,31.0,5.0,2.0,0.92
d1835780-393c-5315-89da-a5feb76a6f61,2023-04-01 00:00:00+00,Arsenal,Leeds,4.0,1.0,67.0,13.0,6.0,3.78,33.0,7.0,5.0,0.72
45aea8f8-aa6a-5444-81ce-c42be5551390,2023-04-01 00:00:00+00,Brighton,Brentford,3.0,3.0,72.0,33.0,15.0,4.47,28.0,7.0,5.0,1.6
e5d1770d-464d-5331-a41f-8573dc5f6455,2023-04-02 00:00:00+00,Newcastle,Manchester United,2.0,0.0,46.0,22.0,6.0,3.68,54.0,6.0,1.0,0.43
753d9ad5-3be1-5a2f-88bd-c401cd8a5e97,2023-04-02 00:00:00+00,West Ham,Southampton,1.0,0.0,43.0,12.0,2.0,1.4,57.0,9.0,3.0,0.3
bd689ca4-ba37-5b65-9afb-c2ea7855003a,2023-04-03 00:00:00+00,Everton,Tottenham,1.0,1.0,39.0,15.0,6.0,0.91,61.0,8.0,2.0,1.44
627340b0-5ad3-570c-89e3-8d10cc1478e4,2023-04-04 00:00:00+00,Leeds,Nottingham Forest,2.0,1.0,62.0,21.0,6.0,1.86,38.0,13.0,1.0,0.8
fe9cb8e9-bd4f-5208-8d4e-076416ea022c,2023-04-04 00:00:00+00,Leicester,Aston Villa,1.0,2.0,36.0,9.0,4.0,0.47,64.0,15.0,5.0,1.02
eb746c9f-6b37-5777-b8b0-ac96d4ea408f,2023-04-04 00:00:00+00,Chelsea,Liverpool,0.0,0.0,50.0,12.0,3.0,2.17,50.0,7.0,4.0,0.35
66502a39-8ad4-579c-86d6-5d9595644223,2023-04-04 00:00:00+00,Bournemouth,Brighton,0.0,2.0,37.0,14.0,3.0,1.74,63.0,16.0,6.0,2.67
de4b6d32-013b-549a-bd07-8b4853c1a448,2023-04-05 00:00:00+00,West Ham,Newcastle,1.0,5.0,42.0,7.0,2.0,0.98,58.0,15.0,8.0,3.29
e3729f48-455c-5926-ae94-38a3345e4f1c,2023-04-05 00:00:00+00,Manchester United,Brentford,1.0,0.0,65.0,18.0,3.0,1.2,35.0,6.0,1.0,0.71
44bfec20-d8b2-524c-bbec-80585f3cb773,2023-04-08 00:00:00+00,Southampton,Manchester City,1.0,4.0,27.0,4.0,1.0,0.41,73.0,13.0,8.0,2.91
8b3fa50e-e5bd-5783-82ac-ee20a5d94834,2023-04-08 00:00:00+00,Manchester United,Everton,2.0,0.0,64.0,29.0,11.0,3.46,36.0,15.0,1.0,1.02
1997525c-b854-5f05-9b1b-ef7480283dbf,2023-04-08 00:00:00+00,Fulham,West Ham,0.0,1.0,77.0,16.0,3.0,0.68,23.0,9.0,5.0,1.09
82270bde-49a6-590e-9892-6fad0ee8d4bf,2023-04-08 00:00:00+00,Leicester,Bournemouth,0.0,1.0,51.0,14.0,4.0,0.69,49.0,19.0,7.0,2.15
b96cd901-976c-5e01-bd99-c3c6562a1557,2023-04-08 00:00:00+00,Aston Villa,Nottingham Forest,2.0,0.0,65.0,8.0,3.0,1.3,35.0,6.0,2.0,0.25
dd169cc1-f912-515b-b162-84b74628deef,2023-04-08 00:00:00+00,Wolves,Chelsea,1.0,0.0,38.0,9.0,4.0,0.55,62.0,13.0,1.0,1.13
687bbbfc-ee26-5891-ab50-3546c108b920,2023-04-08 00:00:00+00,Brentford,Newcastle,1.0,2.0,41.0,12.0,6.0,2.57,59.0,10.0,4.0,1.31
c894b059-5db2-5f2f-aec5-f298675fdcbd,2023-04-08 00:00:00+00,Tottenham,Brighton,2.0,1.0,35.0,9.0,3.0,0.83,65.0,17.0,4.0,1.43
bbb72abf-b11d-589d-9b1a-c19dbfa91279,2023-04-09 00:00:00+00,Leeds,Crystal Palace,1.0,5.0,48.0,11.0,7.0,0.93,52.0,16.0,8.0,3.15
171881af-cda7-5c74-bf7d-3ec5ff3abf11,2023-04-09 00:00:00+00,Liverpool,Arsenal,2.0,2.0,59.0,21.0,6.0,3.96,41.0,9.0,5.0,1.41
d97b7d6b-4e62-5ee6-87a2-db0a232b07cd,2023-04-15 00:00:00+00,Manchester City,Leicester,3.0,1.0,71.0,12.0,4.0,2.06,29.0,11.0,4.0,2.36
d21c999e-f02c-56f5-840f-9df74ab2ab9c,2023-04-15 00:00:00+00,Wolves,Brentford,2.0,0.0,51.0,11.0,9.0,0.76,49.0,10.0,3.0,1.17
2e3c0c9e-7e9d-57aa-92dd-3c4be2939fbc,2023-04-15 00:00:00+00,Aston Villa,Newcastle,3.0,0.0,52.0,16.0,6.0,1.93,48.0,8.0,2.0,0.52
cad5ad9d-a2fe-5a79-abe9-781ae65ac3fb,2023-04-15 00:00:00+00,Tottenham,Bournemouth,2.0,3.0,57.0,24.0,8.0,2.23,43.0,9.0,6.0,1.31
64ed1ba5-65dd-514d-9d20-d82303ade8c8,2023-04-15 00:00:00+00,Southampton,Crystal Palace,0.0,2.0,58.0,11.0,4.0,0.78,42.0,10.0,2.0,0.87
831949db-53ce-58f8-ace5-7a0e30a99fa8,2023-04-15 00:00:00+00,Chelsea,Brighton,1.0,2.0,43.0,8.0,2.0,0.54,57.0,26.0,10.0,2.94
c157b809-863c-55a4-881f-f488a0ad7b12,2023-04-15 00:00:00+00,Everton,Fulham,1.0,3.0,47.0,15.0,7.0,1.4,53.0,21.0,7.0,1.82
4000321f-d6cf-543c-97c0-84513cea27f8,2023-04-16 00:00:00+00,Nottingham Forest,Manchester United,0.0,2.0,32.0,6.0,0.0,0.73,68.0,22.0,8.0,3.48
91fd4b68-dbc2-522f-a93c-af25a970b444,2023-04-16 00:00:00+00,West Ham,Arsenal,2.0,2.0,29.0,16.0,3.0,1.81,71.0,11.0,5.0,2.75
85d81d91-dcb8-5ccc-8e3e-edecbba07a2b,2023-04-17 00:00:00+00,Leeds,Liverpool,1.0,6.0,26.0,13.0,3.0,1.38,74.0,13.0,7.0,2.73
9b64c33b-8995-5ce4-add1-8d8cfa773525,2023-04-21 00:00:00+00,Arsenal,Southampton,3.0,3.0,74.0,25.0,6.0,2.59,26.0,8.0,6.0,1.33
29417bfe-dc06-5b45-956d-d61e44a79b26,2023-04-22 00:00:00+00,Crystal Palace,Everton,0.0,0.0,57.0,12.0,2.0,0.51,43.0,10.0,5.0,0.39
d1610c00-ec9d-5cf9-8ccd-97a945ef9dce,2023-04-22 00:00:00+00,Liverpool,Nottingham Forest,3.0,2.0,81.0,18.0,6.0,2.84,19.0,11.0,5.0,0.85
1ba0b614-8ab7-5009-aa25-9041f56baf49,2023-04-22 00:00:00+00,Fulham,Leeds,2.0,1.0,49.0,12.0,5.0,1.68,51.0,10.0,2.0,0.89
1304c34c-677e-5851-a3e3-81051a68de01,2023-04-22 00:00:00+00,Leicester,Wolves,2.0,1.0,42.0,15.0,8.0,2.43,58.0,16.0,3.0,0.9
42a50b61-8c03-5707-9331-5bd4da1e4188,2023-04-22 00:00:00+00,Brentford,Aston Villa,1.0,1.0,43.0,16.0,5.0,2.74,57.0,14.0,2.0,1.74
d394044e-5474-5cc0-a57d-36c0715b127e,2023-04-23 00:00:00+00,Newcastle,Tottenham,6.0,1.0,57.0,25.0,8.0,3.85,43.0,11.0,3.0,1.03
b8e44ea1-a77a-5cf9-9479-b69ddab6c027,2023-04-23 00:00:00+00,Bournemouth,West Ham,0.0,4.0,65.0,17.0,5.0,1.52,35.0,18.0,10.0,2.43
f3845cfb-8247-5501-9726-7416e4954514,2023-04-25 00:00:00+00,Aston Villa,Fulham,1.0,0.0,52.0,14.0,3.0,1.02,48.0,1.0,0.0,0.1
b88ece12-9e5d-567a-a386-5af4bb4c77ce,2023-04-25 00:00:00+00,Leeds,Leicester,1.0,1.0,41.0,13.0,3.0,1.68,59.0,15.0,3.0,2.19
15695359-e7ad-5eb3-979f-18c368249845,2023-04-25 00:00:00+00,Wolves,Crystal Palace,2.0,0.0,41.0,9.0,3.0,1.36,59.0,14.0,4.0,0.77
294a00e4-cae8-5f9b-b1ff-2f2f258d378e,2023-04-26 00:00:00+00,Nottingham Forest,Brighton,3.0,1.0,25.0,12.0,5.0,2.43,75.0,17.0,7.0,2.34
eeda649e-fc48-5048-90ec-4c1f3de8589f,2023-04-26 00:00:00+00,Manchester City,Arsenal,4.0,1.0,52.0,14.0,9.0,2.53,48.0,8.0,2.0,0.48
8299c5e1-745e-5a33-a6bc-f141f45e8228,2023-04-26 00:00:00+00,West Ham,Liverpool,1.0,2.0,27.0,7.0,2.0,0.8,73.0,20.0,4.0,2.11
3a0844de-9abc-537a-b7fb-25388e881649,2023-04-26 00:00:00+00,Chelsea,Brentford,0.0,2.0,73.0,15.0,4.0,1.27,27.0,7.0,1.0,1.15
6696b5f2-b15e-5126-93c3-1aef96d78baf,2023-04-27 00:00:00+00,Everton,Newcastle,1.0,4.0,40.0,13.0,5.0,0.87,60.0,15.0,8.0,2.43
a3a23eb2-ccaa-538e-9ac8-8c1e93bac59f,2023-04-27 00:00:00+00,Southampton,Bournemouth,0.0,1.0,57.0,11.0,2.0,0.5,43.0,16.0,2.0,0.95
ce046636-da98-5277-aa74-4cbcd43ce4df,2023-04-27 00:00:00+00,Tottenham,Manchester United,2.0,2.0,40.0,18.0,7.0,2.48,60.0,17.0,8.0,2.03
cc21ef13-0ada-5ad5-a1d1-08be6ca80b4b,2023-04-29 00:00:00+00,Brentford,Nottingham Forest,2.0,1.0,69.0,14.0,8.0,1.62,31.0,5.0,3.0,0.72
fe6c58b9-b582-5a71-8275-8920da0a4550,2023-04-29 00:00:00+00,Brighton,Wolves,6.0,0.0,57.0,22.0,8.0,3.34,43.0,10.0,2.0,0.75
ac565bd7-ef69-5c22-b71c-839085509511,2023-04-29 00:00:00+00,Crystal Palace,West Ham,4.0,3.0,60.0,16.0,6.0,2.13,40.0,8.0,4.0,1.86
e320c5d7-f631-57af-b412-659065d887a1,2023-04-30 00:00:00+00,Newcastle,Southampton,3.0,1.0,63.0,22.0,5.0,4.38,37.0,4.0,3.0,0.83
ad20425c-e387-5dff-a8c2-ba153df1ff07,2023-04-30 00:00:00+00,Fulham,Manchester City,1.0,2.0,37.0,4.0,1.0,0.19,63.0,12.0,9.0,2.48
765a258e-cc6c-5d05-95c1-10d7039d8800,2023-04-30 00:00:00+00,Liverpool,Tottenham,4.0,3.0,68.0,12.0,4.0,2.2,32.0,10.0,7.0,2.03
ce4e8273-deb4-50e4-bf91-e4fb69354298,2023-04-30 00:00:00+00,Bournemouth,Leeds,4.0,1.0,42.0,12.0,7.0,1.96,58.0,15.0,6.0,1.67
d7b28cf3-5fd3-544c-8399-fb88b0b31ac8,2023-04-30 00:00:00+00,Manchester United,Aston Villa,1.0,0.0,57.0,14.0,6.0,1.25,43.0,7.0,1.0,0.56
5b07283f-7f64-5787-a0e4-1b439e620945,2023-05-01 00:00:00+00,Leicester,Everton,2.0,2.0,55.0,15.0,6.0,3.46,45.0,23.0,8.0,3.09
ec5a327b-ca28-55ca-af1a-22cb703f6692,2023-05-02 00:00:00+00,Arsenal,Chelsea,3.0,1.0,55.0,16.0,10.0,1.75,45.0,7.0,4.0,0.76
cbc671f0-31fa-512c-907d-728c5db6c6c2,2023-05-03 00:00:00+00,Manchester City,West Ham,3.0,0.0,69.0,16.0,7.0,2.3,31.0,6.0,2.0,0.43
daeccb20-8c4a-585e-9979-dae8237ff4ef,2023-05-03 00:00:00+00,Liverpool,Fulham,1.0,0.0,57.0,15.0,3.0,1.83,43.0,9.0,3.0,0.87
e989874b-bbd2-5467-b685-e3e57e0e17e2,2023-05-04 00:00:00+00,Brighton,Manchester United,1.0,0.0,60.0,22.0,6.0,2.29,40.0,16.0,5.0,1.42
b5af11d8-0743-5bc6-9b60-7b135f6ea8a2,2023-05-06 00:00:00+00,Wolves,Aston Villa,1.0,0.0,38.0,6.0,2.0,0.76,62.0,16.0,3.0,1.48
72c488ab-8416-5147-aa1e-6cba9ce73ebd,2023-05-06 00:00:00+00,Manchester City,Leeds,2.0,1.0,81.0,18.0,6.0,2.57,19.0,4.0,2.0,0.23
63b8ae42-4a07-560d-a884-e66ca615ef1b,2023-05-06 00:00:00+00,Tottenham,Crystal Palace,1.0,0.0,58.0,8.0,3.0,0.88,42.0,7.0,2.0,0.36
e0099d4d-9030-5ab4-83a8-5e92ca048940,2023-05-06 00:00:00+00,Bournemouth,Chelsea,1.0,3.0,34.0,10.0,4.0,1.29,66.0,11.0,5.0,1.35
4f935ea9-baa5-53b8-a995-eeeff9b74e0c,2023-05-06 00:00:00+00,Liverpool,Brentford,1.0,0.0,54.0,15.0,5.0,2.24,46.0,5.0,1.0,0.2
deefbcb3-fd27-5bf5-b230-728ecdab0ad7,2023-05-07 00:00:00+00,West Ham,Manchester United,1.0,0.0,35.0,15.0,4.0,1.3,65.0,19.0,4.0,1.18
20b519b9-fce3-5b36-ba27-d1addc45f212,2023-05-07 00:00:00+00,Newcastle,Arsenal,0.0,2.0,54.0,12.0,5.0,1.32,46.0,10.0,6.0,1.27
a631c206-c6d7-5a58-9c76-8c2057932dde,2023-05-08 00:00:00+00,Nottingham Forest,Southampton,4.0,3.0,36.0,9.0,4.0,1.8,64.0,19.0,5.0,3.24
872ec661-f43a-5406-a211-8e3c606538d9,2023-05-08 00:00:00+00,Brighton,Everton,1.0,5.0,78.0,23.0,5.0,3.26,22.0,10.0,5.0,2.28
4bd02c0d-0159-5f68-8653-f2583447f489,2023-05-08 00:00:00+00,Fulham,Leicester,5.0,3.0,57.0,17.0,7.0,1.64,43.0,18.0,9.0,2.84
62c4253b-e725-5bb9-990a-877832d59f62,2023-05-13 00:00:00+00,Manchester United,Wolves,2.0,0.0,48.0,27.0,9.0,3.2,52.0,5.0,0.0,0.33
ac6989ea-aa8f-532b-9a02-dfc3b7b1132a,2023-05-13 00:00:00+00,Aston Villa,Tottenham,2.0,1.0,49.0,8.0,4.0,1.18,51.0,5.0,2.0,1.37
bc068462-a589-5b20-b3d9-a75e73083770,2023-05-13 00:00:00+00,Chelsea,Nottingham Forest,2.0,2.0,76.0,14.0,6.0,1.17,24.0,11.0,2.0,1.3
a772f714-5f3c-5d37-a6f0-35df55ffebfe,2023-05-13 00:00:00+00,Southampton,Fulham,0.0,2.0,36.0,5.0,1.0,0.35,64.0,9.0,4.0,1.4
9137241f-d22b-5823-a705-4f81264715cc,2023-05-13 00:00:00+00,Leeds,Newcastle,2.0,2.0,36.0,9.0,4.0,2.06,64.0,18.0,5.0,2.42
08bf9bca-3f94-5a2f-b851-926ac10ff047,2023-05-13 00:00:00+00,Crystal Palace,Bournemouth,2.0,0.0,60.0,17.0,5.0,1.55,40.0,5.0,0.0,0.31
1296a709-d186-517a-a0f2-0368fbd5c862,2023-05-14 00:00:00+00,Brentford,West Ham,2.0,0.0,53.0,24.0,10.0,3.7,47.0,4.0,4.0,0.23
c823acd6-ee76-5d82-a7ed-30c918e709bb,2023-05-14 00:00:00+00,Arsenal,Brighton,0.0,3.0,41.0,14.0,2.0,0.92,59.0,12.0,6.0,1.72
7f356621-de81-52fa-b632-fc2b403d61a2,2023-05-14 00:00:00+00,Everton,Manchester City,0.0,3.0,37.0,7.0,3.0,1.78,63.0,9.0,4.0,0.76
861e44a0-8233-5883-93af-668c2f96a10c,2023-05-15 00:00:00+00,Leicester,Liverpool,0.0,3.0,33.0,4.0,4.0,0.41,67.0,16.0,5.0,2.15
ae7b2e56-a1a8-5590-b4a0-605af60c88df,2023-05-18 00:00:00+00,Newcastle,Brighton,4.0,1.0,34.0,22.0,9.0,3.56,66.0,8.0,2.0,0.51
ce9d6ba5-324d-5e09-86cc-46e7d47907da,2023-05-20 00:00:00+00,Bournemouth,Manchester United,0.0,1.0,42.0,10.0,4.0,1.01,58.0,20.0,5.0,1.41
e6975a07-8161-5906-a3a4-3b641cdb5f03,2023-05-20 00:00:00+00,Tottenham,Brentford,1.0,3.0,62.0,22.0,8.0,1.83,38.0,11.0,4.0,1.29
0521b2bf-8e14-5fc0-8681-0c48f5e1089b,2023-05-20 00:00:00+00,Nottingham Forest,Arsenal,1.0,0.0,18.0,6.0,2.0,0.55,82.0,11.0,3.0,0.64
b49506a0-7292-532c-8722-10ba3d7b7e2f,2023-05-20 00:00:00+00,Wolves,Everton,1.0,1.0,53.0,13.0,5.0,1.57,47.0,19.0,4.0,1.99
7ed08434-3447-5795-8ae6-85183143ce10,2023-05-20 00:00:00+00,Fulham,Crystal Palace,2.0,2.0,50.0,11.0,4.0,1.67,50.0,11.0,5.0,1.55
0f1a231e-c1a8-519a-b11f-df1346eeb0ab,2023-05-20 00:00:00+00,Liverpool,Aston Villa,1.0,1.0,66.0,10.0,5.0,0.75,34.0,6.0,3.0,1.35
18048e72-d58a-5657-ae78-6d4f3d461811,2023-05-21 00:00:00+00,West Ham,Leeds,3.0,1.0,59.0,19.0,9.0,2.15,41.0,12.0,3.0,0.9
6a497395-3f26-5327-bd1f-145e459f83ea,2023-05-21 00:00:00+00,Manchester City,Chelsea,1.0,0.0,65.0,15.0,2.0,1.19,35.0,13.0,6.0,1.25
95453077-6c3c-5dcc-9bfb-5f3232bd7aa3,2023-05-21 00:00:00+00,Brighton,Southampton,3.0,1.0,63.0,26.0,8.0,2.53,37.0,5.0,1.0,0.6
f73888af-8fe2-5f40-8cc6-0198fc0b2f54,2023-05-22 00:00:00+00,Newcastle,Leicester,0.0,0.0,78.0,23.0,4.0,2.19,22.0,1.0,1.0,0.09
bf3eba68-dceb-5780-b0ca-b991e00d7834,2023-05-24 00:00:00+00,Brighton,Manchester City,1.0,1.0,40.0,20.0,7.0,2.37,60.0,13.0,4.0,1.82
43c34e67-4521-5ada-94bb-fca797a1ce91,2023-05-25 00:00:00+00,Manchester United,Chelsea,4.0,1.0,41.0,18.0,9.0,5.21,59.0,14.0,5.0,1.94
5bd51ddc-c180-5551-8605-3a80d0e3f9c5,2023-05-28 00:00:00+00,Aston Villa,Brighton,2.0,1.0,40.0,12.0,5.0,2.85,60.0,8.0,4.0,1.35
72b4c66a-9c79-5fc6-ad62-b4cdccf60831,2023-05-28 00:00:00+00,Leeds,Tottenham,1.0,4.0,52.0,19.0,2.0,1.5,48.0,11.0,7.0,2.17
9961e88a-edeb-55c2-b99b-ca45ea9aaf3c,2023-05-28 00:00:00+00,Leicester,West Ham,2.0,1.0,48.0,13.0,4.0,1.42,52.0,16.0,3.0,1.38
d3c68948-7488-57f6-9dff-af87c5ba3d36,2023-05-28 00:00:00+00,Chelsea,Newcastle,1.0,1.0,64.0,22.0,5.0,2.27,36.0,13.0,4.0,1.75
94cc003f-1537-5904-857e-f8683de0d7de,2023-05-28 00:00:00+00,Manchester United,Fulham,2.0,1.0,53.0,21.0,8.0,2.89,47.0,10.0,3.0,1.8
539a8f38-9e5e-5c03-8a30-f408fe53b3e2,2023-05-28 00:00:00+00,Arsenal,Wolves,5.0,0.0,51.0,14.0,8.0,2.81,49.0,6.0,0.0,0.45
6a811e89-5067-5e81-bab6-fe0b9f18d5de,2023-05-28 00:00:00+00,Brentford,Manchester City,1.0,0.0,34.0,11.0,4.0,1.27,66.0,17.0,3.0,1.92
6cf64e42-23b1-572d-b9e1-b8321a8ec021,2023-05-28 00:00:00+00,Southampton,Liverpool,4.0,4.0,31.0,15.0,10.0,1.82,69.0,30.0,8.0,4.05
78b0e86c-c4ef-512d-9d1f-fcb13a285b52,2023-05-28 00:00:00+00,Crystal Palace,Nottingham Forest,1.0,1.0,66.0,15.0,3.0,1.47,34.0,7.0,4.0,0.48
dd92a128-924b-5c4a-885b-1dd9e11a7aff,2023-05-28 00:00:00+00,Everton,Bournemouth,1.0,0.0,38.0,13.0,6.0,1.04,62.0,7.0,2.0,0.47
f29d5029-4f6a-5dd0-8a93-14bb613949b8,2023-08-11 00:00:00+00,Burnley,Manchester City,0.0,3.0,34.0,6.0,1.0,0.33,66.0,17.0,8.0,2.08
bdc71d30-1f83-5f07-a39b-d6290c4df8ec,2023-08-12 00:00:00+00,Brighton,Luton,4.0,1.0,71.0,27.0,12.0,4.01,29.0,9.0,3.0,1.48
9845f8be-2c5a-5ca0-982f-658e1ed7b273,2023-08-12 00:00:00+00,Bournemouth,West Ham,1.0,1.0,63.0,14.0,5.0,1.37,37.0,16.0,3.0,1.07
af54e8a3-eb55-5c0c-8589-ef1d97cfdf01,2023-08-12 00:00:00+00,Sheffield Utd,Crystal Palace,0.0,1.0,32.0,8.0,1.0,0.51,68.0,24.0,8.0,1.89
450b1c1e-6f0f-597d-acf7-27cab4f058d5,2023-08-12 00:00:00+00,Arsenal,Nottingham Forest,2.0,1.0,78.0,15.0,7.0,0.83,22.0,6.0,2.0,1.18
5167adcd-4f88-5860-8413-1bfb382596f7,2023-08-12 00:00:00+00,Everton,Fulham,0.0,1.0,41.0,19.0,9.0,2.73,59.0,9.0,2.0,1.5
c7c829d9-d7f6-564c-885d-3bf17fc56628,2023-08-12 00:00:00+00,Newcastle,Aston Villa,5.0,1.0,53.0,17.0,13.0,3.41,47.0,16.0,6.0,1.77
bf37d493-5698-58d1-929d-3948e3c763c8,2023-08-13 00:00:00+00,Brentford,Tottenham,2.0,2.0,30.0,11.0,6.0,2.22,70.0,18.0,6.0,1.27
913b752b-34bf-50c4-8387-02b2e4902908,2023-08-13 00:00:00+00,Chelsea,Liverpool,1.0,1.0,65.0,10.0,4.0,1.35,35.0,13.0,1.0,1.28
fbe7b4ef-1cd8-5559-af2b-14837c4323ee,2023-08-14 00:00:00+00,Manchester United,Wolves,1.0,0.0,51.0,15.0,3.0,2.21,49.0,23.0,6.0,2.35
ebf75433-bcb3-5dad-aec8-7171cbfd8028,2023-08-18 00:00:00+00,Nottingham Forest,Sheffield Utd,2.0,1.0,50.0,16.0,4.0,1.39,50.0,7.0,3.0,0.5
d07bc73b-622f-565d-a6a7-8020bc6cfdca,2023-08-19 00:00:00+00,Fulham,Brentford,0.0,3.0,55.0,10.0,2.0,0.46,45.0,17.0,8.0,3.93
0774352c-09cb-55bf-8446-fd055cfb330c,2023-08-19 00:00:00+00,Tottenham,Manchester United,2.0,0.0,56.0,17.0,6.0,1.74,44.0,22.0,6.0,2.07
ba1d132b-173e-527e-9d31-be14a02449a5,2023-08-19 00:00:00+00,Manchester City,Newcastle,1.0,0.0,60.0,14.0,4.0,1.08,40.0,7.0,1.0,0.29
933d9c16-41fe-5521-8f36-a423baf67842,2023-08-19 00:00:00+00,Liverpool,Bournemouth,3.0,1.0,65.0,26.0,10.0,3.08,35.0,13.0,5.0,1.29
35c4fd5f-40bf-5158-9e6c-56cf4eef01c9,2023-08-19 00:00:00+00,Wolves,Brighton,1.0,4.0,46.0,16.0,5.0,2.14,54.0,16.0,8.0,2.22
584fe857-5bb6-5795-a237-b8a6783a8ed5,2023-08-20 00:00:00+00,West Ham,Chelsea,3.0,1.0,24.0,12.0,6.0,1.8,76.0,17.0,4.0,2.49
6f4c38f9-ee5d-55d1-b8bb-246c0bff7fc9,2023-08-20 00:00:00+00,Aston Villa,Everton,4.0,0.0,60.0,13.0,7.0,3.0,40.0,9.0,2.0,0.63
4b9d25bf-4d7f-5ca9-8088-67c9e653a76d,2023-08-21 00:00:00+00,Crystal Palace,Arsenal,0.0,1.0,47.0,14.0,2.0,1.01,53.0,14.0,3.0,2.02
c9a6b7e5-0d6a-5b0f-8ff8-8fc56aac8d84,2023-08-25 00:00:00+00,Chelsea,Luton,3.0,0.0,67.0,19.0,8.0,2.27,33.0,11.0,1.0,0.44
75c28729-fd00-5aaa-b741-a79f1e746563,2023-08-26 00:00:00+00,Bournemouth,Tottenham,0.0,2.0,43.0,11.0,3.0,0.67,57.0,17.0,6.0,2.06
530966f7-6cd7-53de-863f-0ffe5a41a74f,2023-08-26 00:00:00+00,Arsenal,Fulham,2.0,2.0,71.0,19.0,11.0,3.2,29.0,8.0,3.0,0.56
f1dd9b9f-15b4-52d9-b6a6-abe57a050900,2023-08-26 00:00:00+00,Manchester United,Nottingham Forest,3.0,2.0,66.0,18.0,9.0,2.83,34.0,9.0,4.0,1.21
83ceb27a-5142-5ea4-9272-e2150092a92a,2023-08-26 00:00:00+00,Brighton,West Ham,1.0,3.0,78.0,25.0,10.0,1.48,22.0,12.0,7.0,3.23
42e6dbc1-26e8-50a3-a637-ffcb998741de,2023-08-26 00:00:00+00,Brentford,Crystal Palace,1.0,1.0,60.0,12.0,1.0,0.97,40.0,15.0,5.0,0.8
ce39890c-7b09-5bc0-b27b-2ac37ac56c0a,2023-08-26 00:00:00+00,Everton,Wolves,0.0,1.0,47.0,15.0,7.0,1.34,53.0,11.0,2.0,1.08
f21ff936-1ad1-5263-ad79-7c49702b7450,2023-08-27 00:00:00+00,Sheffield Utd,Manchester City,1.0,2.0,21.0,6.0,2.0,0.67,79.0,30.0,9.0,3.6
674a9dbe-1e98-559f-b846-3d094e921394,2023-08-27 00:00:00+00,Burnley,Aston Villa,1.0,3.0,57.0,9.0,2.0,0.73,43.0,16.0,6.0,2.7
ce6bbdd1-dee8-51f8-b80e-80e5dc3eff9b,2023-08-27 00:00:00+00,Newcastle,Liverpool,1.0,2.0,60.0,23.0,8.0,1.99,40.0,9.0,4.0,0.88
d02349ec-13a4-5609-9c76-07829e793a26,2023-09-01 00:00:00+00,Luton,West Ham,1.0,2.0,39.0,16.0,1.0,1.47,61.0,9.0,3.0,1.03
1cb28d6e-5964-5015-b276-6c27d7f1dc76,2023-09-02 00:00:00+00,Burnley,Tottenham,2.0,5.0,46.0,16.0,4.0,1.36,54.0,21.0,11.0,2.28
51760914-c672-57d8-88f0-ca1b473d20cf,2023-09-02 00:00:00+00,Manchester City,Fulham,5.0,1.0,68.0,7.0,5.0,2.26,32.0,6.0,4.0,1.45
c8b302af-18c4-519b-84b0-cd6035a0f232,2023-09-02 00:00:00+00,Brentford,Bournemouth,2.0,2.0,61.0,21.0,7.0,2.91,39.0,12.0,5.0,2.09
5da4d775-bc08-50c7-9cd9-05bdc663cfa2,2023-09-02 00:00:00+00,Sheffield Utd,Everton,2.0,2.0,45.0,13.0,8.0,1.19,55.0,16.0,6.0,2.59
5b93fdc4-d104-5a22-9d08-43c2013f0509,2023-09-02 00:00:00+00,Chelsea,Nottingham Forest,0.0,1.0,76.0,21.0,2.0,2.3,24.0,7.0,3.0,0.76
e9092f97-f4a4-5057-922f-e1e773f976df,2023-09-02 00:00:00+00,Brighton,Newcastle,3.0,1.0,56.0,15.0,6.0,1.3,44.0,9.0,2.0,1.23
ec2ebaec-90e7-583d-a119-f4633e48686f,2023-09-03 00:00:00+00,Arsenal,Manchester United,3.0,1.0,55.0,17.0,5.0,2.27,45.0,10.0,2.0,0.94
5cf98d31-3082-5fd0-9c1e-42260eefa1a6,2023-09-03 00:00:00+00,Crystal Palace,Wolves,3.0,2.0,43.0,16.0,11.0,2.11,57.0,12.0,4.0,1.18
eb033b94-67da-56d7-843f-b63f350f7dff,2023-09-03 00:00:00+00,Liverpool,Aston Villa,3.0,0.0,64.0,17.0,4.0,2.47,36.0,9.0,3.0,0.66
4aa6677b-db2a-567b-a4e6-a2606c6ef49d,2023-09-16 00:00:00+00,West Ham,Manchester City,1.0,3.0,32.0,6.0,3.0,0.94,68.0,29.0,15.0,3.63
65347ec4-468d-5cc8-b96b-bad74114ac89,2023-09-16 00:00:00+00,Newcastle,Brentford,1.0,0.0,56.0,9.0,2.0,1.44,44.0,11.0,2.0,0.5
00203449-7767-5e58-9929-476719c183e3,2023-09-16 00:00:00+00,Wolves,Liverpool,1.0,3.0,34.0,11.0,2.0,0.63,66.0,16.0,6.0,2.52
268bf51f-7d30-5ca8-bc56-7239ce43dfc4,2023-09-16 00:00:00+00,Tottenham,Sheffield Utd,2.0,1.0,70.0,28.0,10.0,2.12,30.0,7.0,5.0,0.66
5ab2cde0-8840-5c7b-bc75-5d5dec044b39,2023-09-16 00:00:00+00,Manchester United,Brighton,1.0,3.0,44.0,14.0,4.0,0.96,56.0,10.0,8.0,1.7
3d9e00ae-091c-5fb2-b254-cf25f8708d40,2023-09-16 00:00:00+00,Aston Villa,Crystal Palace,3.0,1.0,67.0,16.0,5.0,3.21,33.0,6.0,3.0,1.17
199f10cb-8d85-590f-8f23-1e7b0f21248c,2023-09-16 00:00:00+00,Fulham,Luton,1.0,0.0,78.0,13.0,2.0,0.96,22.0,7.0,2.0,1.1
77e7f730-f405-55b4-bf36-25fb8bbfa230,2023-09-17 00:00:00+00,Bournemouth,Chelsea,0.0,0.0,35.0,13.0,4.0,1.04,65.0,14.0,6.0,1.85
4220296b-b0bf-5958-8075-b7f1744d774a,2023-09-17 00:00:00+00,Everton,Arsenal,0.0,1.0,26.0,8.0,1.0,0.34,74.0,13.0,4.0,1.02
8673727b-f806-5925-8ccf-b6cb72aa111e,2023-09-18 00:00:00+00,Nottingham Forest,Burnley,1.0,1.0,46.0,14.0,4.0,0.71,54.0,10.0,3.0,0.55
1e61bc76-8457-55d1-8d97-d0f2b48af56f,2023-09-23 00:00:00+00,Brentford,Everton,1.0,3.0,57.0,12.0,2.0,1.03,43.0,18.0,6.0,1.9
4a9f811e-015c-556f-a3d5-68c571c3f570,2023-09-23 00:00:00+00,Burnley,Manchester United,0.0,1.0,62.0,12.0,4.0,1.09,38.0,11.0,4.0,0.97
7f2a92c0-39c7-5942-b154-2a5ca0ebceeb,2023-09-23 00:00:00+00,Manchester City,Nottingham Forest,2.0,0.0,57.0,7.0,4.0,1.33,43.0,10.0,3.0,1.03
4e2b4f2d-c4f1-5dfc-bd97-a3b12ce3a0ff,2023-09-23 00:00:00+00,Luton,Wolves,1.0,1.0,56.0,20.0,4.0,2.17,44.0,3.0,3.0,0.59
76a53ed0-1be3-51c8-a42a-1edb3c31e12a,2023-09-23 00:00:00+00,Crystal Palace,Fulham,0.0,0.0,51.0,7.0,3.0,0.3,49.0,10.0,5.0,0.59
1b0c1cd9-1d74-5e0f-a57a-6a6072451584,2023-09-24 00:00:00+00,Liverpool,West Ham,3.0,1.0,64.0,22.0,7.0,3.03,36.0,11.0,4.0,1.1
b058d4e2-8705-53d0-a994-83f322924a28,2023-09-24 00:00:00+00,Arsenal,Tottenham,2.0,2.0,47.0,13.0,6.0,2.03,53.0,13.0,5.0,1.46
7b7b6797-c3cc-51c4-a122-0ec3dac6895f,2023-09-24 00:00:00+00,Chelsea,Aston Villa,0.0,1.0,53.0,10.0,4.0,1.33,47.0,15.0,7.0,1.07
5c070dda-ae32-5553-b217-6409a68c673b,2023-09-24 00:00:00+00,Brighton,Bournemouth,3.0,1.0,62.0,13.0,4.0,1.85,38.0,12.0,4.0,1.14
fa403fac-dfcf-5a12-8570-c0153da150ea,2023-09-24 00:00:00+00,Sheffield Utd,Newcastle,0.0,8.0,42.0,9.0,1.0,0.94,58.0,22.0,15.0,3.92
ab5063e4-735d-5b11-bc5e-6202506744d0,2023-09-30 00:00:00+00,Tottenham,Liverpool,2.0,1.0,65.0,24.0,8.0,2.23,35.0,12.0,4.0,1.31
de8f3632-ee9d-58ad-85ec-1932211b293b,2023-09-30 00:00:00+00,Manchester United,Crystal Palace,0.0,1.0,77.0,19.0,4.0,1.3,23.0,8.0,2.0,0.9
d20da62d-a89f-538b-98cd-634f0dde7022,2023-09-30 00:00:00+00,Bournemouth,Arsenal,0.0,4.0,42.0,8.0,1.0,0.65,58.0,15.0,8.0,3.43
5b92ff19-2c61-5c71-b93a-fe393a951052,2023-09-30 00:00:00+00,West Ham,Sheffield Utd,2.0,0.0,52.0,20.0,9.0,2.14,48.0,16.0,2.0,1.07
bc5aaeb1-fe37-567d-9828-8ca0e7133f4b,2023-09-30 00:00:00+00,Wolves,Manchester City,2.0,1.0,32.0,3.0,1.0,0.47,68.0,23.0,8.0,0.87
8bc46044-a31a-5600-8a80-430e13204516,2023-09-30 00:00:00+00,Everton,Luton,1.0,2.0,68.0,23.0,5.0,2.9,32.0,9.0,2.0,0.89
8b31d54f-e89b-542f-ad4b-f2653122ebe1,2023-09-30 00:00:00+00,Newcastle,Burnley,2.0,0.0,53.0,20.0,8.0,3.19,47.0,8.0,2.0,0.65
15aaf04b-e545-5753-b605-aafd98b5c4c6,2023-09-30 00:00:00+00,Aston Villa,Brighton,6.0,1.0,38.0,19.0,9.0,1.58,62.0,11.0,3.0,1.71
6276705c-bf4b-5bae-b6d8-e65f4e55b7cf,2023-10-01 00:00:00+00,Nottingham Forest,Brentford,1.0,1.0,41.0,6.0,1.0,0.46,59.0,18.0,5.0,1.66
f0900b51-4b41-5529-b32a-6edfbe295204,2023-10-02 00:00:00+00,Fulham,Chelsea,0.0,2.0,56.0,10.0,3.0,1.09,44.0,11.0,4.0,1.7
18a4022c-638e-5a1e-bd72-f104be2b68c0,2023-10-03 00:00:00+00,Luton,Burnley,1.0,2.0,49.0,18.0,3.0,1.34,51.0,14.0,4.0,1.11
7f32872d-fdcd-5ab6-9e37-ede35a7ca002,2023-10-07 00:00:00+00,Luton,Tottenham,0.0,1.0,33.0,12.0,2.0,0.76,67.0,15.0,4.0,1.96
6437a84a-7287-59fe-8a02-3faf4d42d700,2023-10-07 00:00:00+00,Fulham,Sheffield Utd,3.0,1.0,60.0,20.0,6.0,2.21,40.0,5.0,2.0,0.57
11b118ee-58fd-5089-949e-da0d65d43a96,2023-10-07 00:00:00+00,Manchester United,Brentford,2.0,1.0,64.0,21.0,8.0,1.43,36.0,11.0,3.0,0.95
d3edd8fb-56ac-517f-85ff-96e06300f4fc,2023-10-07 00:00:00+00,Burnley,Chelsea,1.0,4.0,38.0,10.0,3.0,0.76,62.0,9.0,5.0,1.86
864251c2-1744-5fa4-a43c-47e7fd116fb2,2023-10-07 00:00:00+00,Crystal Palace,Nottingham Forest,0.0,0.0,52.0,8.0,2.0,0.81,48.0,16.0,5.0,1.05
f22b8bec-0f40-5a8c-a5d8-95a6e2059b64,2023-10-07 00:00:00+00,Everton,Bournemouth,3.0,0.0,47.0,25.0,8.0,2.49,53.0,11.0,4.0,0.69
030d456f-f0c9-52ba-a1ee-95a4122692c3,2023-10-08 00:00:00+00,West Ham,Newcastle,2.0,2.0,35.0,5.0,3.0,1.16,65.0,10.0,3.0,2.01
72b4c916-3fc7-5ca4-8bd3-0cca7c05f1f3,2023-10-08 00:00:00+00,Arsenal,Manchester City,1.0,0.0,49.0,12.0,2.0,0.39,51.0,4.0,1.0,0.48
ebc14750-fc2b-51eb-8996-d72b37aff63d,2023-10-08 00:00:00+00,Wolves,Aston Villa,1.0,1.0,46.0,8.0,3.0,1.68,54.0,18.0,4.0,1.61
a9a7ed5d-670f-56ba-a953-aa1d0e211a87,2023-10-08 00:00:00+00,Brighton,Liverpool,2.0,2.0,46.0,14.0,3.0,2.32,54.0,14.0,4.0,2.35
8ef4f4b2-9fc9-50c3-8052-f9c466f6de75,2023-10-21 00:00:00+00,Bournemouth,Wolves,1.0,2.0,34.0,7.0,4.0,0.63,66.0,21.0,7.0,2.35
fbad8ee5-e6ba-56bb-93a4-dd590172981a,2023-10-21 00:00:00+00,Liverpool,Everton,2.0,0.0,78.0,26.0,6.0,2.23,22.0,6.0,1.0,0.13
aa03c458-5fa4-5696-a754-42a2c41712a6,2023-10-21 00:00:00+00,Nottingham Forest,Luton,2.0,2.0,57.0,19.0,8.0,2.97,43.0,13.0,4.0,1.71
e756b3f2-9bc8-5348-88c8-b8c2e6eae194,2023-10-21 00:00:00+00,Sheffield Utd,Manchester United,1.0,2.0,38.0,12.0,6.0,1.42,62.0,14.0,5.0,1.1
fadbef45-6500-5a24-8ce6-07cadb9f4ee2,2023-10-21 00:00:00+00,Chelsea,Arsenal,2.0,2.0,43.0,11.0,5.0,1.35,57.0,13.0,3.0,0.99
a5ec8d66-bf79-5095-b0b6-53dce027e645,2023-10-21 00:00:00+00,Newcastle,Crystal Palace,4.0,0.0,60.0,10.0,7.0,2.39,40.0,17.0,3.0,1.21
f656a862-24b3-52b4-b58a-e5bf8d1b931d,2023-10-21 00:00:00+00,Manchester City,Brighton,2.0,1.0,55.0,10.0,6.0,0.75,45.0,5.0,3.0,0.83
0d28d2cf-7f90-525b-a0dc-128932618896,2023-10-21 00:00:00+00,Brentford,Burnley,3.0,0.0,50.0,23.0,10.0,3.24,50.0,6.0,1.0,1.14
906d7e2b-3ace-5b89-bf91-8c4706af370f,2023-10-22 00:00:00+00,Aston Villa,West Ham,4.0,1.0,58.0,15.0,7.0,1.94,42.0,14.0,4.0,1.16
bbd0acbf-08c8-5899-b480-26a2d021074e,2023-10-23 00:00:00+00,Tottenham,Fulham,2.0,0.0,56.0,15.0,5.0,1.53,44.0,10.0,3.0,1.03
1ad1d64a-981d-5976-8ca1-cfcb8e63f2ad,2023-10-27 00:00:00+00,Crystal Palace,Tottenham,1.0,2.0,24.0,13.0,3.0,0.64,76.0,10.0,1.0,1.12
cf107182-9462-5355-8a13-1427155eed5a,2023-10-28 00:00:00+00,Arsenal,Sheffield Utd,5.0,0.0,67.0,13.0,8.0,2.77,33.0,2.0,0.0,0.03
3c504ef9-2059-5a4a-8fc5-b031d4ce1688,2023-10-28 00:00:00+00,Wolves,Newcastle,2.0,2.0,43.0,11.0,6.0,0.89,57.0,13.0,5.0,2.19
7ef7e391-fb78-58f3-a6c9-977262ec6e95,2023-10-28 00:00:00+00,Chelsea,Brentford,0.0,2.0,69.0,17.0,2.0,2.03,31.0,7.0,5.0,2.16
50eb2016-e1df-541f-af17-dedb7af7d66e,2023-10-28 00:00:00+00,Bournemouth,Burnley,2.0,1.0,44.0,13.0,6.0,1.11,56.0,6.0,3.0,0.83
666823bf-a204-5b89-abc5-1e5e2e5d149a,2023-10-29 00:00:00+00,Manchester United,Manchester City,0.0,3.0,40.0,7.0,3.0,0.95,60.0,21.0,10.0,4.0
284dea75-f519-58a7-bb82-a986089df395,2023-10-29 00:00:00+00,West Ham,Everton,0.0,1.0,64.0,12.0,2.0,0.66,36.0,10.0,4.0,0.82
a30be02e-e389-5e47-8109-4456ff6f546d,2023-10-29 00:00:00+00,Liverpool,Nottingham Forest,3.0,0.0,73.0,21.0,8.0,3.19,27.0,9.0,1.0,0.45
a6f53c03-636d-5aea-b55f-5179df9e2c8d,2023-10-29 00:00:00+00,Aston Villa,Luton,3.0,1.0,71.0,17.0,6.0,2.28,29.0,7.0,1.0,0.48
34e808cb-530c-530d-8673-63ca98317942,2023-10-29 00:00:00+00,Brighton,Fulham,1.0,1.0,71.0,18.0,7.0,1.43,29.0,10.0,5.0,0.71
c5eeab82-add2-5ad4-a551-d16d4c7ad530,2023-11-04 00:00:00+00,Brentford,West Ham,3.0,2.0,59.0,16.0,4.0,1.63,41.0,12.0,2.0,1.82
7c7da943-1adf-54cf-adb4-a8c0bf02d8eb,2023-11-04 00:00:00+00,Manchester City,Bournemouth,6.0,1.0,65.0,21.0,8.0,1.95,35.0,5.0,1.0,0.91
f4c695cd-da52-56e1-8e56-33eee00d1491,2023-11-04 00:00:00+00,Newcastle,Arsenal,1.0,0.0,41.0,9.0,2.0,1.04,59.0,14.0,1.0,0.57
5ee24238-a2f9-5cbd-86cc-ca4d0365996b,2023-11-04 00:00:00+00,Fulham,Manchester United,0.0,1.0,45.0,18.0,3.0,1.01,55.0,12.0,5.0,0.69
6dfd57b5-d54a-572e-b2b8-876f3c048666,2023-11-04 00:00:00+00,Burnley,Crystal Palace,0.0,2.0,68.0,17.0,5.0,1.12,32.0,4.0,3.0,1.3
d151d7e6-c656-53f3-8998-c4df20ef75b1,2023-11-04 00:00:00+00,Sheffield Utd,Wolves,2.0,1.0,38.0,11.0,2.0,1.05,62.0,10.0,3.0,1.33
2b599dfb-73c1-5b2f-8bf7-116fd44d382c,2023-11-04 00:00:00+00,Everton,Brighton,1.0,1.0,20.0,10.0,4.0,0.71,80.0,7.0,2.0,0.51
3877eda3-0d75-5fd0-9c40-041e0d5ad0fb,2023-11-05 00:00:00+00,Nottingham Forest,Aston Villa,2.0,0.0,27.0,5.0,3.0,0.38,73.0,13.0,3.0,1.23
911ffbb0-09cd-5ddf-bedc-cb1f715994a3,2023-11-05 00:00:00+00,Luton,Liverpool,1.0,1.0,26.0,8.0,5.0,0.81,74.0,24.0,6.0,2.85
99ced8d3-2ce7-5310-84ed-edd92b5c9bc7,2023-11-06 00:00:00+00,Tottenham,Chelsea,1.0,4.0,39.0,8.0,5.0,0.89,61.0,17.0,8.0,4.12
a3b937bb-808f-5d7e-b854-4bf553ea4ed4,2023-11-11 00:00:00+00,Bournemouth,Newcastle,2.0,0.0,48.0,19.0,10.0,2.46,52.0,8.0,5.0,0.49
8affe67c-81c8-5f19-b13e-a24eed3cbf59,2023-11-11 00:00:00+00,Wolves,Tottenham,2.0,1.0,42.0,17.0,4.0,2.15,58.0,6.0,2.0,0.7
800ac1fc-eb7d-5114-833e-b9425a7628f0,2023-11-11 00:00:00+00,Manchester United,Luton,1.0,0.0,65.0,15.0,4.0,2.18,35.0,10.0,4.0,0.41
b1dcbca7-ecc6-538a-bcde-b54787bdeba5,2023-11-11 00:00:00+00,Crystal Palace,Everton,2.0,3.0,67.0,13.0,4.0,2.17,33.0,8.0,4.0,1.53
18a86244-9708-545a-a462-13a893ac55c5,2023-11-11 00:00:00+00,Arsenal,Burnley,3.0,1.0,64.0,16.0,6.0,1.95,36.0,8.0,5.0,0.32
a3cd6eb0-68e1-5e06-a62f-3148b93c790a,2023-11-12 00:00:00+00,Chelsea,Manchester City,4.0,4.0,45.0,17.0,9.0,2.95,55.0,15.0,10.0,2.88
a571a502-1c70-5ebb-adb0-8e8c45db896d,2023-11-12 00:00:00+00,Liverpool,Brentford,3.0,0.0,58.0,17.0,10.0,1.71,42.0,16.0,3.0,1.68
e65a1e72-f805-59bd-9e30-ee6bc72189e7,2023-11-12 00:00:00+00,West Ham,Nottingham Forest,3.0,2.0,54.0,16.0,6.0,1.8,46.0,10.0,5.0,1.69
19820431-dcb5-5a7f-af6b-be0b13aed057,2023-11-12 00:00:00+00,Aston Villa,Fulham,3.0,1.0,51.0,12.0,6.0,3.08,49.0,9.0,5.0,0.93
eda3e384-390b-51f9-96d3-508303da700a,2023-11-12 00:00:00+00,Brighton,Sheffield Utd,1.0,1.0,61.0,11.0,6.0,1.53,39.0,9.0,1.0,1.07
0a786852-4e1a-5368-9910-b5ca5895d582,2023-11-25 00:00:00+00,Nottingham Forest,Brighton,2.0,3.0,47.0,18.0,5.0,1.93,53.0,11.0,5.0,1.48
be845e37-684a-5fa3-ba3c-9e7b7e51c30c,2023-11-25 00:00:00+00,Brentford,Arsenal,0.0,1.0,36.0,9.0,3.0,1.19,64.0,15.0,4.0,1.65
3b3c3763-47d7-5c21-a7ef-537330cb322c,2023-11-25 00:00:00+00,Newcastle,Chelsea,4.0,1.0,54.0,14.0,5.0,2.36,46.0,7.0,4.0,0.53
1761673c-6b69-5385-a463-67b1c8994406,2023-11-25 00:00:00+00,Burnley,West Ham,1.0,2.0,51.0,11.0,5.0,1.26,49.0,11.0,3.0,0.9
9ea0260b-2ce5-59f9-a477-caed89626afa,2023-11-25 00:00:00+00,Luton,Crystal Palace,2.0,1.0,39.0,8.0,3.0,0.94,61.0,16.0,8.0,1.67
9da42884-f603-5654-840f-151674377f5e,2023-11-25 00:00:00+00,Sheffield Utd,Bournemouth,1.0,3.0,46.0,10.0,2.0,0.78,54.0,23.0,11.0,2.86
f2bcba0c-25f0-50b0-92be-52f86ae02d08,2023-11-25 00:00:00+00,Manchester City,Liverpool,1.0,1.0,60.0,16.0,5.0,1.36,40.0,8.0,3.0,0.56
d3eaa68b-a63f-5a71-8421-15cf570cbe6b,2023-11-26 00:00:00+00,Tottenham,Aston Villa,1.0,2.0,62.0,18.0,8.0,2.34,38.0,15.0,5.0,1.76
da54cee4-5aa5-571a-924d-455f9b076e02,2023-11-26 00:00:00+00,Everton,Manchester United,0.0,3.0,51.0,24.0,6.0,2.47,49.0,9.0,4.0,2.22
ea98db5d-5033-5c6c-bb65-57e5bcea1187,2023-11-27 00:00:00+00,Fulham,Wolves,3.0,2.0,60.0,12.0,6.0,2.9,40.0,10.0,6.0,1.35
73a316bf-f177-5341-a681-79f104959480,2023-12-02 00:00:00+00,Brentford,Luton,3.0,1.0,69.0,27.0,6.0,3.47,31.0,7.0,1.0,0.23
729e36a0-8325-5350-a4cc-3d5c270dde05,2023-12-02 00:00:00+00,Newcastle,Manchester United,1.0,0.0,58.0,22.0,4.0,2.5,42.0,8.0,1.0,0.48
3cbd179c-1b7d-598e-8622-9299b2f4c24d,2023-12-02 00:00:00+00,Nottingham Forest,Everton,0.0,1.0,62.0,13.0,2.0,0.72,38.0,12.0,3.0,0.67
14635c56-f8e1-5b4d-89f2-3005b7f299a3,2023-12-02 00:00:00+00,Burnley,Sheffield Utd,5.0,0.0,64.0,19.0,7.0,1.81,36.0,6.0,3.0,0.39
02bd7ffe-74ce-5c49-8b28-7ab057c9cb45,2023-12-02 00:00:00+00,Arsenal,Wolves,2.0,1.0,57.0,19.0,6.0,2.89,43.0,6.0,3.0,0.71
d5059fcd-08b6-57df-82cc-c639561e8deb,2023-12-03 00:00:00+00,Liverpool,Fulham,4.0,3.0,61.0,26.0,12.0,2.23,39.0,9.0,5.0,1.21
0e598c00-b044-5643-9cff-3426132fcf41,2023-12-03 00:00:00+00,Bournemouth,Aston Villa,2.0,2.0,37.0,15.0,7.0,2.02,63.0,11.0,3.0,0.68
9072d18d-b440-5504-8058-48de16a0a6fb,2023-12-03 00:00:00+00,West Ham,Crystal Palace,1.0,1.0,55.0,9.0,3.0,1.13,45.0,9.0,2.0,0.93
b0291fbf-b77d-5cfd-a226-4a2f8896164d,2023-12-03 00:00:00+00,Manchester City,Tottenham,3.0,3.0,55.0,17.0,4.0,2.57,45.0,8.0,4.0,0.46
6e908845-1273-51d8-b57c-47f3bff2d064,2023-12-03 00:00:00+00,Chelsea,Brighton,3.0,2.0,32.0,8.0,5.0,2.11,68.0,18.0,9.0,1.14
f58bd644-e926-52f2-8a1b-e04918fc73e1,2023-12-05 00:00:00+00,Luton,Arsenal,3.0,4.0,33.0,6.0,4.0,0.51,67.0,23.0,9.0,2.26
ab7deb2d-5fab-5076-a13a-3c8d60824e39,2023-12-05 00:00:00+00,Wolves,Burnley,1.0,0.0,51.0,7.0,4.0,0.83,49.0,12.0,3.0,0.87
353573ae-8f2f-540e-9324-a2b58ba28e46,2023-12-06 00:00:00+00,Manchester United,Chelsea,2.0,1.0,45.0,28.0,9.0,4.17,55.0,13.0,3.0,1.52
ad8d3c17-df93-5b69-a4d4-896644d5a04a,2023-12-06 00:00:00+00,Brighton,Brentford,2.0,1.0,62.0,18.0,7.0,1.57,38.0,8.0,2.0,1.52
8fb774e8-0ee7-5a1d-ab75-ff15da5d5fd7,2023-12-06 00:00:00+00,Sheffield Utd,Liverpool,0.0,2.0,24.0,6.0,1.0,0.99,76.0,15.0,8.0,1.69
5087d44b-b684-582c-8a6c-10a4bc6ab773,2023-12-06 00:00:00+00,Aston Villa,Manchester City,1.0,0.0,46.0,22.0,7.0,2.38,54.0,2.0,2.0,0.65
87960be7-ca50-5199-b734-3615b654103b,2023-12-06 00:00:00+00,Fulham,Nottingham Forest,5.0,0.0,64.0,14.0,6.0,2.52,36.0,4.0,1.0,0.26
6a84b56d-003d-581a-a84f-7b6b5be2efe9,2023-12-06 00:00:00+00,Crystal Palace,Bournemouth,0.0,2.0,59.0,16.0,3.0,1.01,41.0,11.0,4.0,1.9
eda0e2ba-890a-5a2e-ada9-9b41094c48f0,2023-12-07 00:00:00+00,Tottenham,West Ham,1.0,2.0,75.0,23.0,7.0,1.79,25.0,11.0,5.0,2.23
d8f8acaa-4eb6-56c2-b65e-bc84f8ce7d02,2023-12-07 00:00:00+00,Everton,Newcastle,3.0,0.0,39.0,21.0,6.0,3.36,61.0,13.0,3.0,1.57
54e55222-7f4c-5560-991d-27a97db5e865,2023-12-09 00:00:00+00,Aston Villa,Arsenal,1.0,0.0,39.0,10.0,3.0,0.57,61.0,12.0,5.0,1.4
61434c2a-a862-5adc-9502-a47b09a74d75,2023-12-09 00:00:00+00,Sheffield Utd,Brentford,1.0,0.0,40.0,9.0,4.0,0.81,60.0,10.0,4.0,0.66
15a739ac-5821-58b2-a529-a4a512f3dd66,2023-12-09 00:00:00+00,Manchester United,Bournemouth,0.0,3.0,69.0,20.0,3.0,1.16,31.0,10.0,4.0,1.48
d9ff81cc-0844-5239-882e-f3a04c142b56,2023-12-09 00:00:00+00,Wolves,Nottingham Forest,1.0,1.0,68.0,10.0,4.0,1.17,32.0,8.0,2.0,1.29
ff0f06bd-e08e-5b9f-98d3-da75b1636b9e,2023-12-09 00:00:00+00,Crystal Palace,Liverpool,1.0,2.0,24.0,8.0,4.0,1.74,76.0,14.0,2.0,1.25
20bfec71-a5d3-5e4f-8c38-13a01ae92b75,2023-12-09 00:00:00+00,Brighton,Burnley,1.0,1.0,72.0,29.0,11.0,2.78,28.0,6.0,3.0,0.56
086ac9d3-6c66-54f2-9947-1f4ee4510073,2023-12-10 00:00:00+00,Tottenham,Newcastle,4.0,1.0,56.0,23.0,12.0,3.81,44.0,9.0,3.0,1.69
861ac603-61c6-51fa-92a2-e35ec3d8dc41,2023-12-10 00:00:00+00,Luton,Manchester City,1.0,2.0,35.0,4.0,2.0,0.33,65.0,18.0,6.0,1.61
944717c1-a4f2-595c-81d1-a5bd65539e48,2023-12-10 00:00:00+00,Everton,Chelsea,2.0,0.0,28.0,9.0,5.0,1.22,72.0,16.0,4.0,0.95
abe85d46-e5b4-5634-a3e3-773ae4c8f752,2023-12-10 00:00:00+00,Fulham,West Ham,5.0,0.0,63.0,14.0,8.0,2.37,37.0,9.0,5.0,1.34
6988007f-7507-573b-a3e9-f7bc441e4c73,2023-12-15 00:00:00+00,Nottingham Forest,Tottenham,0.0,2.0,33.0,15.0,1.0,1.35,67.0,12.0,6.0,1.57
aab3029a-7a15-58e7-ac9d-9fc48711e7d6,2023-12-16 00:00:00+00,Manchester City,Crystal Palace,2.0,2.0,74.0,19.0,9.0,1.61,26.0,5.0,2.0,1.82
182042a6-5c08-5be7-a68f-0ca1925129e3,2023-12-16 00:00:00+00,Newcastle,Fulham,3.0,0.0,71.0,27.0,10.0,3.51,29.0,6.0,4.0,0.28
8bc5604f-a60b-5cf5-8f2f-b319863bf280,2023-12-16 00:00:00+00,Chelsea,Sheffield Utd,2.0,0.0,78.0,15.0,6.0,3.05,22.0,6.0,1.0,0.36
4b83e41b-7db1-5691-b488-73a8f9710a90,2023-12-16 00:00:00+00,Burnley,Everton,0.0,2.0,62.0,14.0,2.0,0.71,38.0,9.0,6.0,1.46
261e45e5-8516-51da-8873-51a49831c188,2023-12-17 00:00:00+00,West Ham,Wolves,3.0,0.0,44.0,13.0,4.0,1.13,56.0,14.0,3.0,0.66
0b27a310-e36a-5e5f-b4bb-70993d0916e0,2023-12-17 00:00:00+00,Brentford,Aston Villa,1.0,2.0,33.0,4.0,3.0,0.51,67.0,15.0,5.0,1.42
6461e9fa-83f8-52d6-95d9-abd9267fa204,2023-12-17 00:00:00+00,Arsenal,Brighton,2.0,0.0,49.0,26.0,9.0,2.34,51.0,6.0,1.0,0.69
d6fcd2ac-67cc-5f29-b60a-4830e2525c5c,2023-12-17 00:00:00+00,Liverpool,Manchester United,0.0,0.0,68.0,34.0,8.0,2.38,32.0,6.0,1.0,0.75
01cead5c-7c79-52f7-abdd-e3d568263909,2023-12-21 00:00:00+00,Crystal Palace,Brighton,1.0,1.0,34.0,11.0,3.0,1.35,66.0,18.0,6.0,1.19
4165b8fa-a521-526d-9d69-e17220380fde,2023-12-22 00:00:00+00,Aston Villa,Sheffield Utd,1.0,1.0,78.0,12.0,4.0,0.86,22.0,5.0,2.0,0.58
a33bb9ac-2a9d-5666-b763-98a6f66df847,2023-12-23 00:00:00+00,Fulham,Burnley,0.0,2.0,66.0,19.0,5.0,1.42,34.0,7.0,2.0,0.37
43a68daa-95c3-5f84-a175-24bd32198378,2023-12-23 00:00:00+00,Tottenham,Everton,2.0,1.0,61.0,13.0,6.0,1.48,39.0,18.0,8.0,1.78
34899e24-b84e-5f26-bfc1-b21fd41d2d0f,2023-12-23 00:00:00+00,West Ham,Manchester United,2.0,0.0,35.0,12.0,5.0,1.25,65.0,11.0,3.0,1.03
28aacbfb-02af-559c-be6f-f51eff09e1db,2023-12-23 00:00:00+00,Liverpool,Arsenal,1.0,1.0,51.0,13.0,3.0,0.97,49.0,13.0,2.0,0.74
5e372d79-883d-5b98-9e78-f2b833c7b86e,2023-12-23 00:00:00+00,Nottingham Forest,Bournemouth,2.0,3.0,33.0,11.0,5.0,1.02,67.0,18.0,7.0,1.61
fb99c754-b427-50ea-8696-17ca90c45251,2023-12-23 00:00:00+00,Luton,Newcastle,1.0,0.0,35.0,16.0,5.0,1.49,65.0,15.0,2.0,1.5
b8ff952c-7c89-5487-abc6-f9af3c80b45d,2023-12-24 00:00:00+00,Wolves,Chelsea,2.0,1.0,32.0,14.0,6.0,1.27,68.0,16.0,5.0,2.06
356cf6ba-14be-59a1-af1a-3fa80c2525df,2023-12-26 00:00:00+00,Burnley,Liverpool,0.0,2.0,31.0,9.0,0.0,0.81,69.0,19.0,10.0,1.82
d92de339-4110-5883-9ccd-971501a5192a,2023-12-26 00:00:00+00,Sheffield Utd,Luton,2.0,3.0,51.0,21.0,6.0,2.59,49.0,12.0,4.0,0.63
0cd83197-bc5c-5802-bc02-8396f2741141,2023-12-26 00:00:00+00,Newcastle,Nottingham Forest,1.0,3.0,62.0,19.0,7.0,2.43,38.0,15.0,6.0,3.46
1512bd82-06c9-519f-9ee9-e32a37340742,2023-12-26 00:00:00+00,Manchester United,Aston Villa,3.0,2.0,46.0,13.0,7.0,1.13,54.0,10.0,4.0,1.66
3b640da1-66c5-574a-a56e-ea3ee80cf607,2023-12-26 00:00:00+00,Bournemouth,Fulham,3.0,0.0,43.0,16.0,4.0,1.82,57.0,8.0,3.0,0.28
a8bacd09-33b9-584d-bf96-fbbcda855ccc,2023-12-27 00:00:00+00,Everton,Manchester City,1.0,3.0,28.0,7.0,2.0,0.98,72.0,23.0,9.0,2.6
ce7484f6-5ae7-5d42-b9ea-b7a41a8187d0,2023-12-27 00:00:00+00,Brentford,Wolves,1.0,4.0,61.0,14.0,4.0,2.23,39.0,11.0,5.0,2.39
fa369fdb-3c05-5516-a09b-187a6a3708f4,2023-12-27 00:00:00+00,Chelsea,Crystal Palace,2.0,1.0,64.0,9.0,4.0,2.57,36.0,13.0,5.0,1.12
d6404e23-20b5-5255-a42a-89384f3e52da,2023-12-28 00:00:00+00,Arsenal,West Ham,0.0,2.0,74.0,30.0,8.0,2.77,26.0,6.0,3.0,1.42
4aa077dc-88e2-50e4-b9f0-cc5c8c0c2815,2023-12-28 00:00:00+00,Brighton,Tottenham,4.0,2.0,45.0,15.0,9.0,3.58,55.0,19.0,3.0,2.35
14e956a9-c430-5065-a127-908d420ba631,2023-12-30 00:00:00+00,Manchester City,Sheffield Utd,2.0,0.0,81.0,18.0,4.0,2.21,19.0,4.0,2.0,0.31
cf22665c-d59a-5f57-ab8b-1bc32155cbef,2023-12-30 00:00:00+00,Nottingham Forest,Manchester United,2.0,1.0,45.0,8.0,2.0,0.7,55.0,10.0,5.0,0.76
057bab1e-8cc9-5183-ab17-58750c327470,2023-12-30 00:00:00+00,Crystal Palace,Brentford,3.0,1.0,46.0,13.0,6.0,0.98,54.0,9.0,4.0,1.39
f12010ce-2025-58b6-89ec-6e505c5f28d9,2023-12-30 00:00:00+00,Aston Villa,Burnley,3.0,2.0,66.0,19.0,7.0,3.23,34.0,9.0,5.0,1.17
06b51eb0-837c-5fc7-beec-9a83d5277c04,2023-12-30 00:00:00+00,Wolves,Everton,3.0,0.0,53.0,12.0,6.0,1.99,47.0,10.0,0.0,0.46
7ae6528d-a7dd-5b37-8e35-06385c27897d,2023-12-30 00:00:00+00,Luton,Chelsea,2.0,3.0,51.0,15.0,6.0,2.53,49.0,12.0,8.0,1.5
1a8e8604-d1d6-51c2-8957-bdba78ee23c3,2023-12-31 00:00:00+00,Tottenham,Bournemouth,3.0,1.0,51.0,12.0,6.0,2.32,49.0,24.0,4.0,1.68
c1401b9a-4093-5cab-beff-f7e465c33b97,2023-12-31 00:00:00+00,Fulham,Arsenal,2.0,1.0,40.0,15.0,4.0,1.22,60.0,13.0,3.0,1.64
a87e241a-ebca-517f-beb7-6f321d99c0cd,2024-01-01 00:00:00+00,Liverpool,Newcastle,4.0,2.0,62.0,34.0,15.0,7.11,38.0,5.0,3.0,0.6
58d40d11-6b20-594e-8942-a69ca84e0ea7,2024-01-02 00:00:00+00,West Ham,Brighton,0.0,0.0,31.0,6.0,2.0,0.68,69.0,22.0,8.0,2.38
c306ac97-80af-55ca-9136-f23353d16d90,2024-01-12 00:00:00+00,Burnley,Luton,1.0,1.0,39.0,13.0,7.0,1.1,61.0,14.0,5.0,0.95
8fe0b72f-e379-5884-921f-0c297d52f9a9,2024-01-13 00:00:00+00,Newcastle,Manchester City,2.0,3.0,27.0,12.0,5.0,1.3,73.0,27.0,11.0,3.0
dcd07a5d-aee2-5979-88e6-10222202ec92,2024-01-13 00:00:00+00,Chelsea,Fulham,1.0,0.0,55.0,17.0,3.0,2.19,45.0,14.0,4.0,0.86
577fbef2-a72e-5b75-b560-d0ecb40b1d51,2024-01-14 00:00:00+00,Everton,Aston Villa,0.0,0.0,31.0,10.0,2.0,1.2,69.0,16.0,5.0,1.26
50db095a-f8cb-59a7-9969-097fc218db12,2024-01-14 00:00:00+00,Manchester United,Tottenham,2.0,2.0,36.0,9.0,2.0,0.75,64.0,16.0,6.0,1.23
b6b4119b-0f2d-59c6-9d65-1e1abea5251e,2024-01-20 00:00:00+00,Arsenal,Crystal Palace,5.0,0.0,61.0,21.0,6.0,3.21,39.0,12.0,5.0,0.35
9f93f09b-8e24-57ce-a41b-2c3c03a3a356,2024-01-20 00:00:00+00,Brentford,Nottingham Forest,3.0,2.0,48.0,11.0,5.0,1.2,52.0,12.0,3.0,1.22
ef33c3a5-13dc-52d6-9cea-264fbf9d3b36,2024-01-21 00:00:00+00,Sheffield Utd,West Ham,2.0,2.0,57.0,21.0,6.0,2.51,43.0,16.0,5.0,2.34
cbd366ff-1769-5a0c-aefa-81e85e74bcd3,2024-01-21 00:00:00+00,Bournemouth,Liverpool,0.0,4.0,39.0,11.0,1.0,1.37,61.0,14.0,7.0,1.57
7d696b56-58e2-506f-b0f0-1c4d324b7474,2024-01-22 00:00:00+00,Brighton,Wolves,0.0,0.0,72.0,11.0,4.0,1.05,28.0,8.0,3.0,1.15
71f8164c-7d88-5d3c-afba-e769d7915690,2024-01-30 00:00:00+00,Aston Villa,Newcastle,1.0,3.0,61.0,12.0,6.0,1.46,39.0,14.0,5.0,2.63
541b22d8-47de-55fd-a09d-0b63fa4710d2,2024-01-30 00:00:00+00,Nottingham Forest,Arsenal,1.0,2.0,27.0,9.0,3.0,0.46,73.0,19.0,3.0,1.32
558777f1-3591-5932-a90a-6da45f444892,2024-01-30 00:00:00+00,Crystal Palace,Sheffield Utd,3.0,2.0,54.0,12.0,4.0,1.15,46.0,9.0,5.0,0.76
444b1775-d4c8-5a61-be6e-5b01e111a4cf,2024-01-30 00:00:00+00,Fulham,Everton,0.0,0.0,69.0,25.0,6.0,1.71,31.0,21.0,4.0,2.15
fe6144fc-b9a5-5bcf-9a43-6b725ffa39ce,2024-01-30 00:00:00+00,Luton,Brighton,4.0,0.0,41.0,18.0,8.0,3.21,59.0,9.0,2.0,0.94
a4898e58-2ffa-5c31-a6ff-d7973b7ea209,2024-01-31 00:00:00+00,Manchester City,Burnley,3.0,1.0,74.0,14.0,4.0,1.76,26.0,8.0,3.0,1.44
24951717-0aa3-5386-a3b8-62632f9bdb83,2024-01-31 00:00:00+00,Tottenham,Brentford,3.0,2.0,68.0,19.0,5.0,3.01,32.0,9.0,5.0,1.59
bba4bd68-4f1f-5cb6-8921-38a3a48bb0a5,2024-01-31 00:00:00+00,Liverpool,Chelsea,4.0,1.0,51.0,28.0,13.0,2.9,49.0,4.0,3.0,0.58
215dca07-b530-5d3a-aa12-79c59a565588,2024-02-01 00:00:00+00,West Ham,Bournemouth,1.0,1.0,49.0,9.0,3.0,1.39,51.0,9.0,4.0,1.2
76e1133a-ef47-587e-a91a-9dd06786ba3f,2024-02-01 00:00:00+00,Wolves,Manchester United,3.0,4.0,53.0,16.0,7.0,2.2,47.0,21.0,8.0,3.34
6437e193-c26a-5b34-b453-b46c06154d41,2024-02-03 00:00:00+00,Sheffield Utd,Aston Villa,0.0,5.0,36.0,10.0,5.0,1.48,64.0,14.0,10.0,2.19
c33254c8-f21b-5106-8576-482f12c9f32d,2024-02-03 00:00:00+00,Brighton,Crystal Palace,4.0,1.0,69.0,13.0,6.0,1.43,31.0,7.0,5.0,0.3
38571113-0a14-5891-8282-8286e5db05ea,2024-02-03 00:00:00+00,Burnley,Fulham,2.0,2.0,44.0,12.0,4.0,1.81,56.0,15.0,7.0,1.51
b172133e-55aa-5cd1-81a3-591a2c5fcbca,2024-02-03 00:00:00+00,Newcastle,Luton,4.0,4.0,54.0,19.0,6.0,2.4,46.0,11.0,8.0,2.36
6979d5af-0017-5282-80f5-7735645897bd,2024-02-03 00:00:00+00,Everton,Tottenham,2.0,2.0,43.0,14.0,5.0,2.62,57.0,9.0,6.0,0.98
25b0897e-d134-5b7b-9bd9-201f30e1dcca,2024-02-04 00:00:00+00,Arsenal,Liverpool,3.0,1.0,43.0,15.0,7.0,3.5,57.0,10.0,1.0,0.37
3efb5eac-ac9b-524d-81fc-15612cde2553,2024-02-04 00:00:00+00,Manchester United,West Ham,3.0,0.0,51.0,12.0,5.0,0.75,49.0,22.0,3.0,1.4
4861c470-eff8-562b-9d8f-e15afab4644c,2024-02-04 00:00:00+00,Bournemouth,Nottingham Forest,1.0,1.0,44.0,9.0,2.0,1.27,56.0,8.0,6.0,0.53
6bbb2a81-f6cf-5c9a-a2e5-486414d7ad84,2024-02-04 00:00:00+00,Chelsea,Wolves,2.0,4.0,64.0,15.0,6.0,1.74,36.0,14.0,7.0,2.0
c2f495ab-7670-5047-babf-99d6811f86e3,2024-02-05 00:00:00+00,Brentford,Manchester City,1.0,3.0,28.0,9.0,3.0,1.04,72.0,25.0,15.0,2.09
ccaf4120-123f-50b7-a511-fe837362da52,2024-02-10 00:00:00+00,Liverpool,Burnley,3.0,1.0,71.0,25.0,10.0,2.86,29.0,9.0,4.0,1.33
3f7077a4-af38-542f-8317-27185aff71de,2024-02-10 00:00:00+00,Luton,Sheffield Utd,1.0,3.0,75.0,20.0,5.0,1.88,25.0,7.0,3.0,1.81
c54674e5-93ba-5ea9-8335-865c4a8348b6,2024-02-10 00:00:00+00,Fulham,Bournemouth,3.0,1.0,49.0,7.0,6.0,1.55,51.0,25.0,4.0,1.84
9fdb03e4-9e93-5bdb-a0af-38734801f20e,2024-02-10 00:00:00+00,Manchester City,Everton,2.0,0.0,73.0,19.0,3.0,1.63,27.0,5.0,1.0,0.32
344a1baa-993c-5974-aded-e316fb756a88,2024-02-10 00:00:00+00,Nottingham Forest,Newcastle,2.0,3.0,38.0,13.0,3.0,1.5,62.0,7.0,5.0,0.48
26c56e04-0aac-5a89-b8cd-8858c5c885a3,2024-02-10 00:00:00+00,Wolves,Brentford,0.0,2.0,71.0,17.0,5.0,1.05,29.0,9.0,6.0,1.94
b0858e23-5204-53a2-ba10-262a5f739d57,2024-02-10 00:00:00+00,Tottenham,Brighton,2.0,1.0,53.0,16.0,6.0,1.65,47.0,6.0,3.0,1.24
b7d9cd6c-d225-59a7-85e1-cddd0df0f901,2024-02-11 00:00:00+00,West Ham,Arsenal,0.0,6.0,30.0,5.0,1.0,0.22,70.0,25.0,12.0,3.59
af8d5452-d45d-5d8c-baca-f200eda12620,2024-02-11 00:00:00+00,Aston Villa,Manchester United,1.0,2.0,56.0,23.0,10.0,2.43,44.0,17.0,5.0,1.79
782b9b5e-cbf7-583c-a2d2-9d86e371c7f8,2024-02-12 00:00:00+00,Crystal Palace,Chelsea,1.0,3.0,23.0,13.0,4.0,0.56,77.0,14.0,5.0,1.4
b1c21d59-a143-5ff5-a5ba-35efb93d6516,2024-02-17 00:00:00+00,Burnley,Arsenal,0.0,5.0,35.0,8.0,0.0,0.31,65.0,16.0,7.0,2.36
cf6acf34-e608-5284-b52a-9920e834d580,2024-02-17 00:00:00+00,Nottingham Forest,West Ham,2.0,0.0,48.0,19.0,8.0,2.82,52.0,10.0,3.0,0.5
5c3b00dc-4b96-5f4a-beb8-101b0ee0be16,2024-02-17 00:00:00+00,Manchester City,Chelsea,1.0,1.0,70.0,31.0,5.0,2.69,30.0,9.0,6.0,1.44
cef92d3c-515a-5a00-93ba-51eaa3fefc5f,2024-02-17 00:00:00+00,Newcastle,Bournemouth,2.0,2.0,63.0,17.0,5.0,2.23,37.0,12.0,7.0,2.22
a2903e10-fd08-59ff-b4b2-5dd487a2dbeb,2024-02-17 00:00:00+00,Tottenham,Wolves,1.0,2.0,71.0,15.0,4.0,1.62,29.0,12.0,7.0,1.75
8529b4c2-a3f8-5dbb-b108-825ec93fd200,2024-02-17 00:00:00+00,Fulham,Aston Villa,1.0,2.0,52.0,15.0,4.0,1.55,48.0,12.0,3.0,1.61
72616931-216c-5095-883c-e9d5ead53f1b,2024-02-17 00:00:00+00,Brentford,Liverpool,1.0,4.0,37.0,15.0,6.0,1.69,63.0,15.0,8.0,2.82
8b3fc615-4e69-5b18-ab72-f99d96d4b3cc,2024-02-18 00:00:00+00,Luton,Manchester United,1.0,2.0,59.0,22.0,4.0,1.82,41.0,21.0,9.0,2.98
08d4bff4-63cf-5dfb-a3a6-506e08611879,2024-02-18 00:00:00+00,Sheffield Utd,Brighton,0.0,5.0,21.0,6.0,1.0,0.59,79.0,24.0,10.0,2.9
cbe111e6-7b8d-5cd6-936c-408117da3243,2024-02-19 00:00:00+00,Everton,Crystal Palace,1.0,1.0,63.0,19.0,4.0,1.74,37.0,10.0,4.0,0.73
36c2cc37-6db5-5824-813a-e30f81bfe3a6,2024-02-20 00:00:00+00,Manchester City,Brentford,1.0,0.0,70.0,25.0,11.0,2.45,30.0,6.0,2.0,0.35
208ec211-2238-54c2-a3f2-a32f67e82988,2024-02-21 00:00:00+00,Liverpool,Luton,4.0,1.0,61.0,29.0,13.0,3.32,39.0,12.0,3.0,0.92
86db7769-275e-507a-8a5a-ed01433880da,2024-02-24 00:00:00+00,Arsenal,Newcastle,4.0,1.0,55.0,18.0,8.0,2.86,45.0,3.0,2.0,0.16
91ebd96f-bc5f-5fbe-8016-a535791e1413,2024-02-24 00:00:00+00,Brighton,Everton,1.0,1.0,65.0,23.0,7.0,1.41,35.0,6.0,3.0,0.29
2905bfa7-852e-590b-aeca-61d06f7573ed,2024-02-24 00:00:00+00,Aston Villa,Nottingham Forest,4.0,2.0,58.0,16.0,6.0,3.57,42.0,10.0,3.0,2.56
39eaebe1-477b-51f9-9ce1-101da4feded8,2024-02-24 00:00:00+00,Bournemouth,Manchester City,0.0,1.0,38.0,13.0,4.0,0.93,62.0,15.0,6.0,1.64
5de3cbb6-b630-5186-bbe9-547046b5a7d5,2024-02-24 00:00:00+00,Crystal Palace,Burnley,3.0,0.0,56.0,15.0,6.0,2.4,44.0,2.0,0.0,0.08
1ae0dcd1-d02b-5e39-9c72-bc0f9416fb3a,2024-02-24 00:00:00+00,Manchester United,Fulham,1.0,2.0,57.0,21.0,9.0,1.72,43.0,17.0,5.0,1.2
925adb2a-fde5-5c67-8643-5f48f60950ed,2024-02-25 00:00:00+00,Wolves,Sheffield Utd,1.0,0.0,64.0,13.0,2.0,1.31,36.0,12.0,4.0,0.58
481999bf-4c15-5c41-8a48-117060545cee,2024-02-26 00:00:00+00,West Ham,Brentford,4.0,2.0,41.0,17.0,6.0,1.69,59.0,14.0,8.0,0.91
64b42ba5-0f9c-5776-8f7a-266433eeb42a,2024-03-02 00:00:00+00,Everton,West Ham,1.0,3.0,55.0,22.0,11.0,2.73,45.0,12.0,5.0,1.87
bad3fee7-1473-5dac-bb24-465ad7375031,2024-03-02 00:00:00+00,Newcastle,Wolves,3.0,0.0,44.0,14.0,7.0,2.19,56.0,12.0,3.0,0.8
bc10710d-fd55-5fa1-abc9-aa9a5b1c201e,2024-03-02 00:00:00+00,Nottingham Forest,Liverpool,0.0,1.0,29.0,8.0,2.0,0.97,71.0,22.0,2.0,2.07
9cafb568-30af-5a59-8e0a-b0edb226314d,2024-03-02 00:00:00+00,Luton,Aston Villa,2.0,3.0,47.0,14.0,5.0,1.77,53.0,12.0,8.0,1.95
b863014e-a9f8-5bc8-a1b9-f2a53dcd1f87,2024-03-02 00:00:00+00,Brentford,Chelsea,2.0,2.0,32.0,14.0,5.0,1.83,68.0,17.0,6.0,1.81
ee09b335-cc1f-57bd-a713-75bd213f2ebf,2024-03-02 00:00:00+00,Fulham,Brighton,3.0,0.0,30.0,12.0,5.0,1.3,70.0,15.0,5.0,1.34
e6a418ac-0d1d-5892-85be-6025814e8d2c,2024-03-02 00:00:00+00,Tottenham,Crystal Palace,3.0,1.0,78.0,14.0,6.0,1.91,22.0,4.0,1.0,0.32
6b60a4e8-a637-513e-9940-afcca88a16de,2024-03-03 00:00:00+00,Manchester City,Manchester United,3.0,1.0,73.0,27.0,8.0,3.33,27.0,3.0,1.0,0.25
5a940745-a499-5667-aacf-89426f883bbf,2024-03-03 00:00:00+00,Burnley,Bournemouth,0.0,2.0,75.0,20.0,6.0,1.49,25.0,10.0,3.0,1.12
1ce25477-c8c9-5e4b-ab0c-8d558c44c7fe,2024-03-04 00:00:00+00,Sheffield Utd,Arsenal,0.0,6.0,19.0,4.0,0.0,0.23,81.0,22.0,10.0,2.24
e709b9a6-b4ac-5222-b984-12e76ce36e9c,2024-03-09 00:00:00+00,Bournemouth,Sheffield Utd,2.0,2.0,70.0,32.0,12.0,3.35,30.0,13.0,9.0,1.25
5a17110b-ddfd-528e-bc84-caea78d00df9,2024-03-09 00:00:00+00,Crystal Palace,Luton,1.0,1.0,50.0,21.0,4.0,2.73,50.0,8.0,2.0,0.84
d5b7b7a8-9a35-50c6-a416-eac25e225a0b,2024-03-09 00:00:00+00,Wolves,Fulham,2.0,1.0,48.0,8.0,3.0,0.83,52.0,23.0,7.0,2.7
90dc3c6e-b224-5732-bcce-bfafe6ef3190,2024-03-09 00:00:00+00,Arsenal,Brentford,2.0,1.0,72.0,17.0,6.0,1.28,28.0,9.0,4.0,0.97
34122915-e767-5733-8854-90cd692a48c4,2024-03-09 00:00:00+00,Manchester United,Everton,2.0,0.0,51.0,15.0,8.0,2.72,49.0,23.0,6.0,1.61
6d54f36d-7f4f-5360-987f-f563e4a1395a,2024-03-10 00:00:00+00,West Ham,Burnley,2.0,2.0,52.0,22.0,4.0,2.11,48.0,11.0,4.0,0.68
d26e38ba-58ee-512e-b8e5-be72c4c7bb83,2024-03-10 00:00:00+00,Brighton,Nottingham Forest,1.0,0.0,64.0,10.0,3.0,0.43,36.0,9.0,4.0,0.7
afa07320-8a3c-59c4-aac7-c26c5b581c2b,2024-03-10 00:00:00+00,Liverpool,Manchester City,1.0,1.0,53.0,19.0,6.0,2.7,47.0,10.0,6.0,1.56
2145320d-5aee-527a-a475-bc2d0a0429a8,2024-03-10 00:00:00+00,Aston Villa,Tottenham,0.0,4.0,31.0,10.0,1.0,0.83,69.0,9.0,5.0,1.55
b6f080d2-8985-5135-9c63-25bf2757d259,2024-03-11 00:00:00+00,Chelsea,Newcastle,3.0,2.0,45.0,12.0,8.0,1.57,55.0,11.0,3.0,0.74
5c7bb4b9-0c6e-5b7b-8588-3d3f30b824e0,2024-03-13 00:00:00+00,Bournemouth,Luton,4.0,3.0,59.0,24.0,10.0,2.35,41.0,8.0,4.0,2.06
102d7ff4-c270-5a50-ba45-da08d0889560,2024-03-16 00:00:00+00,Burnley,Brentford,2.0,1.0,61.0,17.0,6.0,2.77,39.0,9.0,5.0,1.16
1b83fc03-cc73-55f0-8da4-e8b06cceca9c,2024-03-16 00:00:00+00,Luton,Nottingham Forest,1.0,1.0,60.0,10.0,4.0,0.58,40.0,16.0,6.0,1.98
9df0753a-0961-59c0-ac87-d126f7e60b04,2024-03-16 00:00:00+00,Fulham,Tottenham,3.0,0.0,43.0,16.0,7.0,2.76,57.0,14.0,5.0,2.41
3cc70f24-ee92-5446-8621-814f9ec02dd1,2024-03-17 00:00:00+00,West Ham,Aston Villa,1.0,1.0,31.0,13.0,5.0,2.02,69.0,13.0,5.0,0.66
f22cdeb3-6ac6-554c-8bd4-60ca3191bf46,2024-03-30 00:00:00+00,Newcastle,West Ham,4.0,3.0,60.0,24.0,9.0,4.07,40.0,10.0,4.0,1.42
140924ab-3d14-56e4-bc76-d5aefeadb483,2024-03-30 00:00:00+00,Sheffield Utd,Fulham,3.0,3.0,26.0,8.0,4.0,1.89,74.0,24.0,9.0,1.3
431685ec-4754-57c4-a86f-ae6f2fe074e9,2024-03-30 00:00:00+00,Brentford,Manchester United,1.0,1.0,47.0,31.0,5.0,3.29,53.0,11.0,5.0,0.59
69983d87-c834-5844-8308-1f741e945624,2024-03-30 00:00:00+00,Aston Villa,Wolves,2.0,0.0,48.0,11.0,5.0,0.98,52.0,13.0,3.0,1.49
e096f1d8-4406-5421-81d1-50a2cb72b7a2,2024-03-30 00:00:00+00,Nottingham Forest,Crystal Palace,1.0,1.0,58.0,12.0,5.0,0.92,42.0,10.0,3.0,1.19
60a529ee-d3b4-5d0d-81ba-e8218c5d64b9,2024-03-30 00:00:00+00,Bournemouth,Everton,2.0,1.0,49.0,11.0,4.0,1.32,51.0,7.0,3.0,1.01
8ab2f9f0-d9e0-51fc-b6d0-8a67dab11157,2024-03-30 00:00:00+00,Chelsea,Burnley,2.0,2.0,69.0,33.0,13.0,4.26,31.0,18.0,7.0,1.64
13091178-f7b1-51e4-9c74-2369df5745f9,2024-03-30 00:00:00+00,Tottenham,Luton,2.0,1.0,70.0,17.0,4.0,2.99,30.0,7.0,3.0,0.52
b4c8f318-1140-5d53-950a-32df08687e5e,2024-03-31 00:00:00+00,Liverpool,Brighton,2.0,1.0,54.0,30.0,8.0,2.83,46.0,9.0,3.0,0.45
8f4dc43e-4bff-50d7-b52d-cd009876f92d,2024-03-31 00:00:00+00,Manchester City,Arsenal,0.0,0.0,73.0,12.0,1.0,1.02,27.0,6.0,2.0,0.66
a02dffd9-c8c5-5a5f-b054-0630f7bd164f,2024-04-02 00:00:00+00,Nottingham Forest,Fulham,3.0,1.0,33.0,16.0,4.0,1.53,67.0,18.0,3.0,1.5
6f986611-5b82-528f-b447-58c9f6793814,2024-04-02 00:00:00+00,West Ham,Tottenham,1.0,1.0,32.0,11.0,4.0,1.49,68.0,13.0,4.0,0.96
8774953b-3b0a-5754-bcc2-c15f21e043a4,2024-04-02 00:00:00+00,Burnley,Wolves,1.0,1.0,51.0,13.0,6.0,1.34,49.0,8.0,2.0,0.9
0ff637df-bf8f-536d-8cdb-7b5593d258de,2024-04-02 00:00:00+00,Newcastle,Everton,1.0,1.0,58.0,18.0,6.0,2.44,42.0,10.0,3.0,1.44
94182d98-1aa8-5cfa-aafc-b33db27653a8,2024-04-02 00:00:00+00,Bournemouth,Crystal Palace,1.0,0.0,50.0,11.0,6.0,1.1,50.0,3.0,2.0,0.19
21bfa742-aff0-5bca-b012-b47f1a60d487,2024-04-03 00:00:00+00,Brentford,Brighton,0.0,0.0,33.0,5.0,2.0,0.57,67.0,24.0,6.0,1.14
9687a0af-2979-58ad-947e-3811b1d15f51,2024-04-03 00:00:00+00,Manchester City,Aston Villa,4.0,1.0,67.0,25.0,11.0,3.46,33.0,8.0,3.0,0.77
f9362410-a20f-5da0-8a99-6993eb3edf0b,2024-04-03 00:00:00+00,Arsenal,Luton,2.0,0.0,58.0,13.0,4.0,0.82,42.0,5.0,1.0,0.34
c3e20052-1496-5780-bc69-756cf911eb4d,2024-04-04 00:00:00+00,Chelsea,Manchester United,4.0,3.0,57.0,28.0,10.0,3.02,43.0,19.0,5.0,1.47
68cddf7c-a7ed-5425-a74b-623023369cb7,2024-04-04 00:00:00+00,Liverpool,Sheffield Utd,3.0,1.0,83.0,29.0,9.0,1.83,17.0,5.0,3.0,0.59
2d86cd89-2ea4-5af5-8fce-087d41ea12a8,2024-04-06 00:00:00+00,Luton,Bournemouth,2.0,1.0,56.0,19.0,9.0,1.46,44.0,8.0,1.0,0.41
94b4bdcf-8baa-507a-b8c3-6315bf282282,2024-04-06 00:00:00+00,Everton,Burnley,1.0,0.0,37.0,12.0,3.0,0.94,63.0,6.0,1.0,0.46
6481da65-2693-53c5-b65d-f124d4af3d96,2024-04-06 00:00:00+00,Aston Villa,Brentford,3.0,3.0,70.0,11.0,3.0,1.52,30.0,8.0,3.0,1.56
61393bd6-babd-5e16-a532-a0a2efd3b981,2024-04-06 00:00:00+00,Wolves,West Ham,1.0,2.0,58.0,14.0,7.0,1.47,42.0,11.0,4.0,1.16
258f9a41-be1a-53ac-bcf5-53937d19086f,2024-04-06 00:00:00+00,Fulham,Newcastle,0.0,1.0,67.0,14.0,4.0,1.26,33.0,12.0,5.0,0.97
83558f02-329e-5822-8e9e-f787d420ee1e,2024-04-06 00:00:00+00,Brighton,Arsenal,0.0,3.0,55.0,10.0,2.0,0.53,45.0,20.0,7.0,3.39
c1bb919d-4f98-5d1b-a65d-093891b8c981,2024-04-06 00:00:00+00,Crystal Palace,Manchester City,2.0,4.0,25.0,7.0,4.0,1.08,75.0,18.0,8.0,1.91
25e6000b-23f5-5a98-ae66-a1cf55c3fb5b,2024-04-07 00:00:00+00,Manchester United,Liverpool,2.0,2.0,38.0,9.0,5.0,0.7,62.0,28.0,7.0,3.67
fc8b7b6b-8eb3-5e94-bbe0-61c79c7f9dd5,2024-04-07 00:00:00+00,Tottenham,Nottingham Forest,3.0,1.0,64.0,17.0,7.0,1.55,36.0,13.0,6.0,1.55
93884807-3373-565c-9a86-a18e187a6a53,2024-04-07 00:00:00+00,Sheffield Utd,Chelsea,2.0,2.0,32.0,11.0,6.0,1.38,68.0,6.0,3.0,0.24
0f54060d-3812-5f2b-96dd-41927deed139,2024-04-13 00:00:00+00,Burnley,Brighton,1.0,1.0,45.0,11.0,3.0,1.71,55.0,20.0,8.0,0.86
d14edf97-112d-512d-86a1-c127f95916a1,2024-04-13 00:00:00+00,Bournemouth,Manchester United,2.0,2.0,43.0,20.0,5.0,1.64,57.0,8.0,2.0,1.26
be3a9248-164e-50dd-99c1-aef301ef0008,2024-04-13 00:00:00+00,Manchester City,Luton,5.0,1.0,74.0,37.0,13.0,4.32,26.0,4.0,2.0,0.51
0da484cd-3b7d-5dd2-bcb7-03412756cb01,2024-04-13 00:00:00+00,Newcastle,Tottenham,4.0,0.0,27.0,18.0,5.0,2.88,73.0,11.0,2.0,0.77
f1620a47-78b5-5421-b582-cf61c36dc743,2024-04-13 00:00:00+00,Brentford,Sheffield Utd,2.0,0.0,53.0,9.0,5.0,1.02,47.0,8.0,2.0,0.84
d858132c-f335-535f-a4c4-b28e4a89fa5d,2024-04-13 00:00:00+00,Nottingham Forest,Wolves,2.0,2.0,46.0,18.0,9.0,1.92,54.0,11.0,4.0,1.09
cff8ba62-33e4-5358-b850-69b189c12063,2024-04-14 00:00:00+00,West Ham,Fulham,0.0,2.0,58.0,15.0,4.0,0.93,42.0,18.0,10.0,3.29
3ff9c342-294b-567e-9968-2e01bcd555cb,2024-04-14 00:00:00+00,Liverpool,Crystal Palace,0.0,1.0,70.0,21.0,6.0,2.81,30.0,8.0,5.0,1.98
f147987a-a6b9-531d-a0b2-55fd349100ec,2024-04-14 00:00:00+00,Arsenal,Aston Villa,0.0,2.0,52.0,18.0,4.0,1.64,48.0,11.0,2.0,0.94
75c83c89-cddc-5201-ad78-dd30926aedd7,2024-04-15 00:00:00+00,Chelsea,Everton,6.0,0.0,59.0,14.0,10.0,3.08,41.0,10.0,2.0,1.48
8890fc4e-9104-50a4-892b-9bc7d7f385cf,2024-04-20 00:00:00+00,Wolves,Arsenal,0.0,2.0,46.0,5.0,3.0,0.14,54.0,24.0,9.0,1.26
4cfa263e-6560-5e28-bf2a-4905df0aade9,2024-04-20 00:00:00+00,Luton,Brentford,1.0,5.0,53.0,6.0,3.0,0.59,47.0,21.0,9.0,3.14
5c63afb9-5e6c-5a77-b422-0d5a4c73c11d,2024-04-20 00:00:00+00,Sheffield Utd,Burnley,1.0,4.0,49.0,18.0,11.0,2.43,51.0,16.0,9.0,2.18
fb5a86c5-1cc4-5f9c-89dd-db5fef409108,2024-04-21 00:00:00+00,Everton,Nottingham Forest,2.0,0.0,40.0,7.0,4.0,0.34,60.0,8.0,3.0,0.95
31c66842-9a34-5875-8314-8e08bb31b495,2024-04-21 00:00:00+00,Crystal Palace,West Ham,5.0,2.0,61.0,18.0,7.0,2.36,39.0,4.0,1.0,1.27
625e2d55-21e3-5200-82d1-57fe672b8c01,2024-04-21 00:00:00+00,Aston Villa,Bournemouth,3.0,1.0,56.0,15.0,5.0,2.51,44.0,14.0,6.0,1.77
10e121c3-6c92-56c1-bc34-3894f550ef75,2024-04-21 00:00:00+00,Fulham,Liverpool,1.0,3.0,40.0,12.0,5.0,0.8,60.0,14.0,7.0,1.0
1007b3cc-6f74-5650-bd43-69b8d5a1e232,2024-04-23 00:00:00+00,Arsenal,Chelsea,5.0,0.0,44.0,27.0,10.0,3.42,56.0,7.0,1.0,1.68
2815af7b-ca36-59f8-8f25-5be42dfc73c1,2024-04-24 00:00:00+00,Wolves,Bournemouth,0.0,1.0,63.0,15.0,4.0,0.56,37.0,21.0,6.0,1.96
a2792ed7-4210-58ec-bf01-ca5c924be83f,2024-04-24 00:00:00+00,Manchester United,Sheffield Utd,4.0,2.0,72.0,25.0,13.0,2.94,28.0,10.0,4.0,0.82
43e51f23-0cb7-52dc-8e73-719617e268e6,2024-04-24 00:00:00+00,Everton,Liverpool,2.0,0.0,24.0,16.0,6.0,1.26,76.0,23.0,7.0,2.08
9be36b87-7432-5f5c-9234-f1ee9693ce19,2024-04-24 00:00:00+00,Crystal Palace,Newcastle,2.0,0.0,47.0,20.0,7.0,0.89,53.0,7.0,2.0,0.36
dff29716-4439-59c4-aa1f-a2d9699d210b,2024-04-25 00:00:00+00,Brighton,Manchester City,0.0,4.0,35.0,7.0,3.0,0.62,65.0,14.0,6.0,1.36
226d50ea-fa71-5518-942f-a7f2e4a46bdd,2024-04-27 00:00:00+00,Manchester United,Burnley,1.0,1.0,48.0,27.0,10.0,2.71,52.0,16.0,7.0,2.06
2168776f-aad3-562d-9749-823fd5cae68c,2024-04-27 00:00:00+00,Aston Villa,Chelsea,2.0,2.0,29.0,9.0,4.0,1.1,71.0,21.0,5.0,1.57
c640e07e-89f8-55f8-89d1-f4fe81bbfa66,2024-04-27 00:00:00+00,Newcastle,Sheffield Utd,5.0,1.0,60.0,20.0,7.0,3.11,40.0,15.0,5.0,1.55
070da5dc-e3ac-587c-a963-97374bc6b3f4,2024-04-27 00:00:00+00,Everton,Brentford,1.0,0.0,48.0,18.0,1.0,0.86,52.0,10.0,4.0,0.88
ab5743c4-9b27-565f-b418-9e5f7d9f8240,2024-04-27 00:00:00+00,Fulham,Crystal Palace,1.0,1.0,54.0,9.0,2.0,1.14,46.0,14.0,4.0,1.01
3e78ed75-61ae-58a4-868b-e04dbec45857,2024-04-27 00:00:00+00,West Ham,Liverpool,2.0,2.0,29.0,11.0,8.0,0.7,71.0,28.0,8.0,1.75
89e9d02b-9890-5078-b2f5-624fc199f966,2024-04-27 00:00:00+00,Wolves,Luton,2.0,1.0,58.0,13.0,5.0,1.21,42.0,9.0,6.0,0.59
a2fa27ce-7951-57e2-b65b-7c90c79467c4,2024-04-28 00:00:00+00,Tottenham,Arsenal,2.0,3.0,62.0,15.0,2.0,2.42,38.0,9.0,3.0,1.03
fa1014f1-4d56-5fac-b501-4e0a4442b424,2024-04-28 00:00:00+00,Nottingham Forest,Manchester City,0.0,2.0,33.0,14.0,2.0,1.93,67.0,11.0,5.0,0.87
d4d899fe-510e-59e0-bc5d-8eec054ca932,2024-04-28 00:00:00+00,Bournemouth,Brighton,3.0,0.0,30.0,15.0,6.0,2.11,70.0,13.0,1.0,0.94
39618c3c-1c40-54c2-ac63-b85b7806bca4,2024-05-02 00:00:00+00,Chelsea,Tottenham,2.0,0.0,37.0,16.0,5.0,2.14,63.0,19.0,3.0,1.61
627dee02-0373-5515-bafa-ec58aa11e7ca,2024-05-03 00:00:00+00,Luton,Everton,1.0,1.0,50.0,18.0,5.0,0.81,50.0,10.0,3.0,1.42
bfbb736e-96cf-570f-9760-c06e7c37d05f,2024-05-04 00:00:00+00,Manchester City,Wolves,5.0,1.0,58.0,20.0,12.0,3.74,42.0,2.0,1.0,0.35
1b332ef3-ded4-525f-8bd2-5af9ea1a5498,2024-05-04 00:00:00+00,Burnley,Newcastle,1.0,4.0,47.0,17.0,5.0,1.04,53.0,23.0,11.0,3.54
703e3934-9fa9-53c3-a392-589d897fcc81,2024-05-04 00:00:00+00,Arsenal,Bournemouth,3.0,0.0,55.0,25.0,9.0,3.38,45.0,7.0,2.0,0.46
7d460693-25c5-59b3-842f-7fada0560865,2024-05-04 00:00:00+00,Brentford,Fulham,0.0,0.0,54.0,7.0,3.0,0.63,46.0,15.0,3.0,1.28
90ca20a4-611d-5b05-bb5e-94dd3253914d,2024-05-04 00:00:00+00,Sheffield Utd,Nottingham Forest,1.0,3.0,54.0,17.0,5.0,2.27,46.0,15.0,4.0,1.49
313b4423-bbc8-5a82-8524-d3a6f2be7db9,2024-05-05 00:00:00+00,Brighton,Aston Villa,1.0,0.0,53.0,15.0,8.0,2.53,47.0,2.0,1.0,0.05
5303cf03-d133-5776-8a22-83d53e2f5f1e,2024-05-05 00:00:00+00,Liverpool,Tottenham,4.0,2.0,44.0,25.0,13.0,3.37,56.0,11.0,6.0,1.24
b5255671-83ea-5707-8197-5a7741768243,2024-05-05 00:00:00+00,Chelsea,West Ham,5.0,0.0,69.0,25.0,14.0,4.22,31.0,13.0,2.0,0.88
a482c879-b976-552a-802a-ef7354fc5120,2024-05-06 00:00:00+00,Crystal Palace,Manchester United,4.0,0.0,43.0,18.0,10.0,1.75,57.0,7.0,2.0,0.35
88c890db-32ae-5b01-a242-0334b7618fa3,2024-05-11 00:00:00+00,Fulham,Manchester City,0.0,4.0,36.0,1.0,1.0,0.12,64.0,16.0,9.0,3.25
c736ab6a-5468-53a6-8b51-7b66319ac235,2024-05-11 00:00:00+00,Tottenham,Burnley,2.0,1.0,63.0,21.0,9.0,2.72,37.0,7.0,3.0,0.67
7764600d-b61c-5279-8cfd-afc2f45978d4,2024-05-11 00:00:00+00,Wolves,Crystal Palace,1.0,3.0,62.0,14.0,8.0,1.57,38.0,13.0,3.0,2.7
30aa9b74-76b6-5aa2-b852-3f43cce2cbdd,2024-05-11 00:00:00+00,Everton,Sheffield Utd,1.0,0.0,58.0,15.0,6.0,2.35,42.0,13.0,1.0,0.6
68ba8e6b-d2e4-5c34-a63e-6bcdae9e6e80,2024-05-11 00:00:00+00,Bournemouth,Brentford,1.0,2.0,48.0,13.0,4.0,0.67,52.0,11.0,5.0,1.08
978493e0-c32b-593d-8a4d-f7b438add6ef,2024-05-11 00:00:00+00,Nottingham Forest,Chelsea,2.0,3.0,32.0,20.0,4.0,1.56,68.0,12.0,5.0,1.59
3b693567-deec-5708-b998-4822459678ea,2024-05-11 00:00:00+00,West Ham,Luton,3.0,1.0,58.0,24.0,8.0,3.17,42.0,4.0,1.0,0.32
13a50a1a-b789-59bb-bc90-f503dd68383d,2024-05-11 00:00:00+00,Newcastle,Brighton,1.0,1.0,56.0,18.0,7.0,2.22,44.0,15.0,4.0,1.37
df4be39c-fa77-536c-82ce-b06d1c34a065,2024-05-12 00:00:00+00,Manchester United,Arsenal,0.0,1.0,54.0,14.0,2.0,0.51,46.0,11.0,5.0,1.52
59e8d010-f8a0-558b-b0c4-7c551709b480,2024-05-13 00:00:00+00,Aston Villa,Liverpool,3.0,3.0,41.0,19.0,5.0,3.2,59.0,14.0,7.0,1.74
01cf551a-e42b-5785-af24-cb69b0d002ba,2024-05-14 00:00:00+00,Tottenham,Manchester City,0.0,2.0,53.0,10.0,5.0,1.66,47.0,8.0,5.0,2.4
2d07c5b2-62bb-5d4e-8fe2-97ebfb5cb4b8,2024-05-15 00:00:00+00,Manchester United,Newcastle,3.0,2.0,45.0,17.0,8.0,1.45,55.0,21.0,8.0,2.37
e16f1268-8a94-5d10-ae1b-c36799ae3c15,2024-05-15 00:00:00+00,Brighton,Chelsea,1.0,2.0,55.0,12.0,2.0,1.27,45.0,14.0,6.0,1.54
986cbb7f-901e-5125-9106-60c53fa4adda,2024-05-19 00:00:00+00,Manchester City,West Ham,3.0,1.0,71.0,28.0,12.0,2.04,29.0,3.0,2.0,0.36
ce7be2ec-cf2b-518e-bd96-843d3614f019,2024-05-19 00:00:00+00,Sheffield Utd,Tottenham,0.0,3.0,24.0,6.0,1.0,0.98,76.0,18.0,9.0,3.16
f35aa4c5-f351-55dc-b61c-376961f2be18,2024-05-19 00:00:00+00,Arsenal,Everton,2.0,1.0,69.0,26.0,5.0,3.01,31.0,5.0,2.0,0.61
96eb5ae7-ce8f-500d-9d55-445556545178,2024-05-19 00:00:00+00,Brighton,Manchester United,0.0,2.0,55.0,17.0,3.0,1.88,45.0,11.0,4.0,1.29
24423aa2-a837-5264-a4fa-a73db8977cb1,2024-05-19 00:00:00+00,Luton,Fulham,2.0,4.0,40.0,15.0,6.0,2.1,60.0,16.0,8.0,1.09
bf03bcbb-67c4-55dc-9eb0-6fa6858b4a6f,2024-05-19 00:00:00+00,Crystal Palace,Aston Villa,5.0,0.0,54.0,15.0,9.0,2.54,46.0,8.0,2.0,1.02
ee1cf451-baaa-53a8-b73a-5ff7b23ad96a,2024-05-19 00:00:00+00,Brentford,Newcastle,2.0,4.0,54.0,10.0,5.0,1.13,46.0,12.0,7.0,3.43
c90e6b51-f2df-52cf-b9bb-a865479f3afd,2024-05-19 00:00:00+00,Burnley,Nottingham Forest,1.0,2.0,73.0,20.0,3.0,1.21,27.0,12.0,6.0,1.78
380f2b15-55c3-533b-bd18-953bb0920234,2024-05-19 00:00:00+00,Chelsea,Bournemouth,2.0,1.0,61.0,16.0,6.0,1.14,39.0,22.0,5.0,2.22
fceed7e3-0b46-5164-b0a0-4a6a241e2cc0,2024-05-19 00:00:00+00,Liverpool,Wolves,2.0,0.0,67.0,36.0,14.0,4.74,33.0,4.0,3.0,0.5
1405062f-4452-5481-8b7c-cb3b4fdc0341,2024-08-16 00:00:00+00,Manchester United,Fulham,1.0,0.0,55.0,14.0,5.0,2.43,45.0,10.0,2.0,0.44
364eaf1c-594b-5fad-a163-212ddff36af4,2024-08-17 00:00:00+00,Newcastle,Southampton,1.0,0.0,22.0,3.0,1.0,0.25,78.0,19.0,4.0,1.77
9801dc7e-3753-5296-9839-21211572afed,2024-08-17 00:00:00+00,Arsenal,Wolves,2.0,0.0,53.0,18.0,6.0,1.24,47.0,9.0,3.0,0.47
2047100b-7f62-5bdc-a39c-29b1b9fffa80,2024-08-17 00:00:00+00,Nottingham Forest,Bournemouth,1.0,1.0,53.0,14.0,8.0,1.3,47.0,13.0,4.0,1.22
88c482fd-5efa-50ba-9a64-002f4e375439,2024-08-17 00:00:00+00,Ipswich,Liverpool,0.0,2.0,38.0,7.0,2.0,0.45,62.0,18.0,5.0,2.65
7fe3b015-7538-5b35-8a7c-5cb92563b660,2024-08-17 00:00:00+00,West Ham,Aston Villa,1.0,2.0,52.0,14.0,3.0,2.46,48.0,15.0,3.0,2.03
dd6f15e3-5b75-535c-9077-7a27f7d3a37b,2024-08-17 00:00:00+00,Everton,Brighton,0.0,3.0,38.0,9.0,1.0,0.45,62.0,10.0,5.0,1.43
9cdd3a1d-5efa-5aea-a62a-1eb90b466d4d,2024-08-18 00:00:00+00,Chelsea,Manchester City,0.0,2.0,48.0,10.0,3.0,1.01,52.0,11.0,5.0,0.77
07e50963-eb2f-5a7e-9a67-3666bea726f8,2024-08-18 00:00:00+00,Brentford,Crystal Palace,2.0,1.0,46.0,9.0,5.0,1.59,54.0,14.0,6.0,1.17
e64d5b94-22c3-5e00-b3a3-b03511d93980,2024-08-19 00:00:00+00,Leicester,Tottenham,1.0,1.0,30.0,7.0,3.0,1.05,70.0,15.0,7.0,1.18
3ce16bc2-3909-504d-bc62-fb509eb3a339,2024-08-24 00:00:00+00,Crystal Palace,West Ham,0.0,2.0,58.0,14.0,2.0,1.35,42.0,18.0,3.0,1.39
23660d81-8a4c-5ada-82a9-2cf1b5374794,2024-08-24 00:00:00+00,Manchester City,Ipswich,4.0,1.0,75.0,14.0,5.0,3.34,25.0,1.0,1.0,0.29
74cacfcd-232a-55e2-b207-66a3f04cfe3e,2024-08-24 00:00:00+00,Tottenham,Everton,4.0,0.0,71.0,13.0,7.0,2.43,29.0,10.0,1.0,1.0
5a424ef0-d42e-5ad3-938c-88c2e616dbeb,2024-08-24 00:00:00+00,Aston Villa,Arsenal,0.0,2.0,39.0,11.0,3.0,1.28,61.0,9.0,4.0,0.87
34159f36-164d-5936-bb86-209ebaf269c1,2024-08-24 00:00:00+00,Brighton,Manchester United,2.0,1.0,48.0,14.0,5.0,2.09,52.0,11.0,4.0,1.43
12bfb48e-d6a7-52f2-ba0c-f7c4097ed7a4,2024-08-24 00:00:00+00,Southampton,Nottingham Forest,0.0,1.0,65.0,5.0,1.0,0.14,35.0,23.0,8.0,2.45
d0825cba-a161-5a98-8b90-d3fd92219685,2024-08-24 00:00:00+00,Fulham,Leicester,2.0,1.0,54.0,18.0,6.0,1.78,46.0,10.0,4.0,0.61
8441bf6d-6c5d-5243-a381-cdab6ddf4418,2024-08-25 00:00:00+00,Liverpool,Brentford,2.0,0.0,63.0,19.0,8.0,2.65,37.0,8.0,2.0,0.36
1d54b827-51e5-55f7-861c-9e30f68ef88a,2024-08-25 00:00:00+00,Wolves,Chelsea,2.0,6.0,40.0,12.0,4.0,1.96,60.0,14.0,8.0,1.68
da92ae2f-cd0d-5691-9914-0b458cc31ef9,2024-08-25 00:00:00+00,Bournemouth,Newcastle,1.0,1.0,39.0,16.0,4.0,2.26,61.0,14.0,5.0,1.69
46c570f7-ead9-56ec-b17f-2a1ad975a7a9,2024-08-31 00:00:00+00,West Ham,Manchester City,1.0,3.0,32.0,10.0,2.0,0.73,68.0,23.0,8.0,3.0
47445473-4f2d-53c6-b84e-2b6ccdf70fbb,2024-08-31 00:00:00+00,Ipswich,Fulham,1.0,1.0,49.0,11.0,4.0,0.45,51.0,9.0,4.0,0.95
75082660-8e15-5722-8294-62eaa90eea41,2024-08-31 00:00:00+00,Arsenal,Brighton,1.0,1.0,36.0,11.0,7.0,2.08,64.0,22.0,4.0,1.83
1f4a1af5-787c-53dd-98a5-c4d1ab0c8417,2024-08-31 00:00:00+00,Leicester,Aston Villa,1.0,2.0,58.0,9.0,3.0,0.45,42.0,10.0,5.0,1.55
56f13564-419f-5ce1-a1a0-e46a55fdd561,2024-08-31 00:00:00+00,Nottingham Forest,Wolves,1.0,1.0,52.0,16.0,5.0,1.04,48.0,11.0,3.0,0.74
dd4c9944-ffd0-5bf7-aea3-c4da0c7d1336,2024-08-31 00:00:00+00,Brentford,Southampton,3.0,1.0,37.0,20.0,7.0,2.78,63.0,18.0,6.0,1.57
c763fd18-2a3b-5323-9d28-2e8ab7993a38,2024-08-31 00:00:00+00,Everton,Bournemouth,2.0,3.0,47.0,18.0,8.0,1.97,53.0,17.0,7.0,2.22
be2f4dd4-3dbb-59e3-b381-65d53bb8785f,2024-09-01 00:00:00+00,Manchester United,Liverpool,0.0,3.0,53.0,8.0,3.0,1.36,47.0,11.0,3.0,1.79
d6919ee9-cba3-5bcc-96c7-0a46c091ffa5,2024-09-01 00:00:00+00,Chelsea,Crystal Palace,1.0,1.0,63.0,13.0,7.0,2.37,37.0,9.0,3.0,0.54
9b9707b1-c89d-5bd0-bde3-acd7047d1184,2024-09-01 00:00:00+00,Newcastle,Tottenham,2.0,1.0,34.0,9.0,3.0,1.83,66.0,20.0,6.0,1.26
8b3d5824-63fd-58b8-9d32-194aa89fc47b,2024-09-14 00:00:00+00,Crystal Palace,Leicester,2.0,2.0,67.0,20.0,4.0,2.55,33.0,9.0,4.0,1.23
c7807eff-ef9c-56f4-a1a8-20538a8459ea,2024-09-14 00:00:00+00,Manchester City,Brentford,2.0,1.0,54.0,18.0,7.0,2.17,46.0,8.0,5.0,0.96
659e556e-8d73-5f7e-9829-4ad5eefb78f9,2024-09-14 00:00:00+00,Southampton,Manchester United,0.0,3.0,44.0,6.0,4.0,1.12,56.0,20.0,10.0,2.67
0ec018a8-ad3d-510f-ab04-f5cedf72e091,2024-09-14 00:00:00+00,Aston Villa,Everton,3.0,2.0,73.0,17.0,8.0,2.12,27.0,6.0,2.0,0.9
3439298d-3933-5b81-9b74-a1327b107648,2024-09-14 00:00:00+00,Brighton,Ipswich,0.0,0.0,69.0,21.0,6.0,1.66,31.0,6.0,1.0,0.35
fa2c6f04-160e-538d-b98a-183a411e4d20,2024-09-14 00:00:00+00,Bournemouth,Chelsea,0.0,1.0,33.0,19.0,7.0,1.78,67.0,10.0,3.0,0.78
4dc45d84-29d2-5b90-a904-4c1e49f27bd9,2024-09-14 00:00:00+00,Fulham,West Ham,1.0,1.0,55.0,21.0,5.0,1.54,45.0,11.0,3.0,0.76
d6c9977c-ff2a-5a89-b3c9-14efabc6d708,2024-09-14 00:00:00+00,Liverpool,Nottingham Forest,0.0,1.0,69.0,14.0,5.0,0.94,31.0,5.0,3.0,0.44
346df4f4-c087-5ed4-a0e3-5de4ac9bb7e6,2024-09-15 00:00:00+00,Tottenham,Arsenal,0.0,1.0,64.0,15.0,5.0,0.71,36.0,7.0,4.0,0.74
a19d60ec-a124-56c7-bf26-54e8569a26f9,2024-09-15 00:00:00+00,Wolves,Newcastle,1.0,2.0,49.0,12.0,5.0,1.23,51.0,14.0,6.0,1.52
2d49341e-6269-550a-9375-3df89b7c12eb,2024-09-21 00:00:00+00,Crystal Palace,Manchester United,0.0,0.0,33.0,9.0,4.0,1.01,67.0,15.0,6.0,1.7
73c56734-58b4-56df-8a7e-5d98cfdbf86a,2024-09-21 00:00:00+00,Tottenham,Brentford,3.0,1.0,48.0,23.0,10.0,3.52,52.0,6.0,6.0,0.8
d2d90590-69e7-589c-8b46-de7ff0922a31,2024-09-21 00:00:00+00,Aston Villa,Wolves,3.0,1.0,53.0,9.0,4.0,1.73,47.0,10.0,4.0,0.51
